turbine_id,total_hours,state_5_hours,state_5_percentage,state_9_hours,state_9_percentage,state_2_hours,state_2_percentage,state_3_hours,state_3_percentage,state_4_hours,state_4_percentage,state_1_hours,state_1_percentage,state_0_hours,state_0_percentage
1,8039.0,4074.01,50.67806941161837,2280.3700000000003,28.366339096902603,1093.28,13.599701455404901,491.68999999999994,6.116307998507276,79.94,0.9944022888418956,19.689999999999998,0.24493096156238334,0.02,0.00024878716258241074
2,8038.45,1768.89,22.005361730184305,5517.12,68.63412722601994,500.5,6.226324726781905,175.8,2.186988785151366,65.42999999999999,0.8139628908558242,10.09,0.12552171127518363,0.6200000000000001,0.007712929731478085
3,8038.77,2960.1899999999996,36.82391709179389,4023.54,50.05168701181897,672.9399999999999,8.371181163287417,293.87,3.6556587637163394,75.34,0.937208055461221,12.83,0.15960153108000352,0.06,0.0007463828421512246
4,8039.42,2663.49,33.130375076809024,4471.0,55.613464652922715,610.16,7.5896022349871,231.77,2.8829194145846344,52.969999999999985,0.6588783767983261,9.65,0.12003353475748252,0.38,0.004726709140709156
5,8038.0199999999995,2744.9800000000005,34.14995235144974,4328.7699999999995,53.85368536032505,557.13,6.931184545447761,278.77,3.4681426520461507,110.43999999999998,1.3739702065931658,17.8,0.22144757042157148,0.13,0.001617313716562039
6,8038.49,3375.3500000000004,41.98985132779913,2782.81,34.61856642230071,1416.7599999999998,17.624703146984068,319.03999999999996,3.968904607706173,123.50999999999999,1.5364825980998917,20.590000000000003,0.2561426337533542,0.43000000000000005,0.005349263356675197
7,8039.26,2551.0099999999998,31.73190069732786,4164.12,51.79730472705199,1040.8600000000001,12.94721155927287,210.1,2.613424618683809,62.50999999999999,0.7775591285765107,10.57,0.13147976306276946,0.09,0.0011195060241863057
8,8039.079999999999,4553.75,56.64516337690383,1669.53,20.76767490807406,1218.2799999999997,15.154470412037197,488.14,6.072087850848605,91.88999999999999,1.1430412435253785,17.47,0.2173134239241306,0.02,0.0002487846868049578
9,8039.429999999999,1382.6499999999999,17.19835859009905,5159.48,64.17718669109625,1269.84,15.795149656132338,174.60999999999999,2.1719201485677466,44.959999999999994,0.5592436279686495,7.829999999999999,0.09739496456838358,0.06,0.0007463215675738205
10,8038.62,3031.6600000000003,37.71368717516191,4214.99,52.43424866457178,344.15000000000003,4.281207470934066,330.94,4.116875782161615,100.24999999999999,1.24710460253128,16.61,0.20662750571615526,0.02,0.0002487989231982604
11,8038.250000000001,2478.94,30.839299598793268,4044.7299999999996,50.31853948309644,1037.1999999999998,12.903306067863026,340.66999999999996,4.2381115292507685,118.24999999999997,1.4710913445090654,18.36,0.22840792461045623,0.1,0.0012440518769632693
12,8032.01,2586.9700000000003,32.20825173275432,725.66,9.034600305527507,4309.6,53.65531168412391,360.54999999999995,4.488913733922143,40.8,0.5079674950603895,8.43,0.10495504861174226,0.0,0.0
13,8038.189999999999,2545.98,31.673548398333462,4569.23,56.84401587919668,464.7200000000001,5.781401036800575,303.03999999999996,3.7700029484249566,133.73,1.6636829933106834,21.129999999999995,0.2628701237467639,0.36000000000000004,0.004478620186882869
14,8038.92,2659.02,33.07683121613351,3484.88,43.35010175496211,1485.8900000000003,18.48370179078782,291.55,3.626730953909232,101.16999999999999,1.258502385892632,16.41,0.204131898314699,0.0,0.0
15,6646.830000000001,2216.3500000000004,33.34446645995159,3487.21,52.4642573978874,496.46,7.469124379591473,314.59,4.732932841670389,114.45999999999998,1.722023882061072,17.499999999999996,0.2632833997559738,0.25999999999999995,0.003911639082088754
16,8038.469999999999,2801.88,34.85588675456897,3975.7799999999997,49.45941205229353,793.2700000000001,9.8684202341988,335.52,4.173928620744992,113.68999999999998,1.414323870089706,18.29,0.22753086097229946,0.04,0.0004976071317054116
17,8038.1799999999985,1685.9699999999998,20.974524083810017,5210.5199999999995,64.82213635424935,861.4399999999999,10.716853815167116,170.07,2.115777452109806,95.22,1.1845965131410345,14.589999999999998,0.18150874949304446,0.37000000000000005,0.004603032029638552
18,8038.359999999999,2792.9799999999996,34.74564463398006,4507.75,56.07798108071796,357.28,4.44468772237123,261.65,3.255017192561667,92.74,1.1537179225613186,15.78,0.19630869978453316,10.180000000000001,0.12664274802322864
19,7020.65,171.29000000000002,2.4398025823819736,4917.48,70.0430871785376,1893.06,26.964169984260717,30.129999999999995,0.42916254192987824,6.999999999999999,0.09970586769031356,1.44,0.020510921353435935,0.25,0.0035609238460826277
20,6974.97,1653.4,23.70476145417113,4801.4,68.83757206124184,186.54,2.6744201050327097,282.96999999999997,4.056935011906861,42.86,0.6144829296756832,7.699999999999999,0.11039474004906112,0.1,0.0014336979227150797
21,8039.04,3141.25,39.074939296234376,3975.54,49.452919751612136,468.78,5.831293288750896,369.27,4.593458920468115,71.42,0.8884145370591514,12.64,0.15723270440251574,0.14,0.0017415014728126743
22,8038.160000000001,2976.34,37.02762821342198,3797.63,47.24501627238074,844.97,10.511982841844402,289.09999999999997,3.5965942454492064,111.83999999999997,1.391363197547697,18.16,0.22592235038864616,0.12000000000000001,0.0014928789673258557
23,7987.779999999999,789.66,9.885850636847787,4867.9,60.94183865855094,2204.42,27.59740503619279,61.46999999999999,0.7695504883709867,55.53999999999999,0.6953120892162779,8.46,0.10591178024432324,0.33,0.004131310576906225
24,8038.780000000001,2904.92,36.13632914447217,4219.28,52.486571345403156,513.97,6.393631869512538,282.97999999999996,3.5201858988552983,100.77,1.253548424014589,16.81,0.20911133281418323,0.05,0.0006219849280612233
25,8039.6,4264.55,53.04430568685009,1148.0,14.279317378974078,2514.6000000000004,31.277675506244094,73.55,0.9148465097766058,33.11,0.4118364097716304,5.750000000000001,0.07152097119259665,0.04,0.0004975371909050201
26,8039.23,2890.51,35.95506037269739,3548.3399999999997,44.137809218047,1224.25,15.228448495689264,284.37,3.5372790677714163,77.83,0.9681275445533963,13.77,0.1712850608826965,0.16000000000000003,0.001990240358840337
27,8039.220000000001,2587.1099999999997,32.181107122332754,4465.57,55.54730434047082,627.88,7.810210443301713,305.59000000000003,3.8012394237251868,44.53,0.5539094588778513,8.52,0.10598043093732973,0.02,0.0002487803543129806
28,8035.249999999999,2693.0099999999998,33.51494975265238,1030.69,12.827105566099375,3951.23,49.17370336952802,295.26,3.6745589745185283,54.36,0.6765190877695156,10.489999999999998,0.13054976509753896,0.21,0.0026134843346504464
29,8038.900000000001,1781.93,22.166341166079935,5133.42,63.85724415031907,685.6399999999999,8.529027603279053,380.66,4.73522496859023,48.279999999999994,0.6005796812996802,8.91,0.11083605965990372,0.06,0.0007463707721205637
30,8039.0,2544.17,31.6478417713646,4187.360000000001,52.08807065555418,862.39,10.727578056972261,353.79999999999995,4.401044906082845,77.80000000000001,0.9677820624455779,13.44,0.16718497325538,0.04,0.0004975743251648215
31,8038.250000000001,3102.16,38.59247970640375,4045.06,50.322644854290424,388.46,4.832643921251516,336.76,4.189469100861505,143.35999999999999,1.7834727708145426,22.45,0.27928964637825393,0.0,0.0
32,8038.860000000001,2371.63,29.502068701283513,4102.48,51.033106684281094,1211.49,15.070420432747925,263.55999999999995,3.2785743252152657,75.65,0.9410538310158405,13.84,0.1721637147555748,0.21000000000000002,0.002612310700771005
33,8038.8099999999995,3025.11,37.6313160778772,4063.1,50.54355060015102,575.1,7.154043944315141,253.11,3.148600352539742,104.88,1.3046707161880924,17.36,0.21595236110817398,0.15,0.0018659478206351438
34,8038.95,3104.83,38.62233251855031,4114.96,51.18777949856636,348.04999999999995,4.329545525224065,339.51,4.223312746067584,113.07,1.4065269718060194,18.509999999999998,0.23025395107570015,0.02,0.00024878870996834166
35,8039.010000000001,3406.8099999999995,42.37847695176395,3717.71,46.24586858332058,398.15,4.95272427823824,413.2499999999999,5.140558352334427,87.56,1.0891888429047853,15.37,0.19119269661314015,0.16,0.001990294824860275
36,8039.280000000001,2751.24,34.22246768367316,869.6899999999998,10.818008577882592,4019.1000000000004,49.993282980565425,325.05999999999995,4.043396921117313,62.24999999999999,0.7743230737080932,11.73,0.14590858882885036,0.21,0.0026121742245574227
37,7839.36,1448.9699999999998,18.483269042370804,2229.71,28.44250040819659,3871.66,49.38744999591804,257.42,3.283686423381501,26.33,0.33586925463303124,5.23,0.06671462976569517,0.04,0.0005102457343456609
38,8039.09,3628.1499999999996,45.131351931624096,423.37,5.266392091642213,3425.2300000000005,42.60718563917061,458.21,5.699774476961944,87.94999999999999,1.0940292993361187,16.060000000000002,0.1997738550010014,0.12000000000000001,0.0014927062640174447
39,8038.110000000001,2188.45,27.225927487929376,5061.6,62.97002653608871,391.16999999999996,4.86644248461392,267.9,3.3328730261218116,111.36999999999999,1.3855247066785596,17.46,0.2172152408961808,0.16,0.0019905176714426647
40,8038.79,6486.7,80.69249227806672,623.5,7.756142404516103,431.2500000000001,5.364613331110778,358.92999999999995,4.4649754502854275,119.05999999999997,1.4810686682946061,19.19,0.23871751843250041,0.16,0.00199034929386139
41,8038.740000000002,3038.12,37.793485048651895,4032.9,50.16830995902342,423.96000000000004,5.2739608446099755,426.2099999999999,5.301950305644913,100.35,1.2483299621582482,17.2,0.21396387991152838,0.0,0.0
42,7600.21,1670.87,21.98452411183375,4524.84,59.53572335501256,1012.5699999999999,13.322921340331384,314.59,4.1392277318653035,65.13999999999999,0.8570815806405347,11.030000000000001,0.14512756884349248,1.1700000000000002,0.015394311472972459
43,8038.609999999999,3074.25,38.24355205688546,4170.0,51.87464001861019,244.89000000000004,3.0464222048339216,460.79999999999995,5.732334321480953,74.72999999999999,0.9296383329953811,13.66,0.16992987593626266,0.28,0.00348318925784433
44,8039.279999999999,3134.7,38.99229781771502,4030.2,50.13135504672061,404.92,5.036769461941867,381.54,4.745947398274473,73.62,0.9157536495805597,14.21,0.17675712252838566,0.09000000000000001,0.0011195032390960387
45,8039.03,2520.1000000000004,31.34830943534233,4316.219999999999,53.69080598032349,816.24,10.153463788541654,261.71,3.255492267101877,107.58999999999997,1.3383455466642116,17.09,0.21258783708979814,0.08,0.0009951449366403659
46,8038.32,2633.2700000000004,32.75895958359459,3593.06,44.699141114063636,1393.94,17.341185720399288,273.65,3.4043183152698573,125.08999999999999,1.5561709411916917,19.119999999999997,0.23786064749848224,0.19,0.0023636779824639975
47,8038.91,5384.06,66.97500034208619,1635.3899999999999,20.34342964406866,602.2,7.491065330996367,289.18,3.59725385655518,110.26999999999998,1.3717033776967273,17.5,0.21769120440457723,0.31000000000000005,0.0038562441923096547
48,8039.29,2959.51,36.81307677668053,792.6299999999999,9.859452762619583,3759.65,46.76594574894052,450.17999999999995,5.599748236473618,64.50999999999999,0.8024340457926009,12.630000000000003,0.15710342580003958,0.18000000000000002,0.002239003693112203
49,8039.32,2348.21,29.209062458018835,4055.92,50.45103317195982,1110.7199999999998,13.816093898488923,434.43999999999994,5.403939636685689,76.43,0.9507022982043258,13.559999999999999,0.1686709821228661,0.04,0.0004975545195364782
50,8039.3,2945.4700000000003,36.63838891445773,4041.27,50.268928886843376,541.4899999999999,6.735536676078762,428.15999999999997,5.325836826589379,69.49000000000001,0.8643787394424889,12.999999999999998,0.16170562113616854,0.42,0.0052243354520915995
51,8038.66,2923.9700000000003,36.373848377714694,4167.35,51.841351668064085,383.65000000000003,4.772561596086911,464.4099999999999,5.777206648869338,81.72999999999999,1.016711740513966,17.169999999999998,0.21359281273247033,0.38000000000000006,0.004727156018540404
52,8038.589999999999,2229.12,27.730236272779184,4643.94,57.77057916873481,769.28,9.569837496376852,298.7,3.7158257853678323,83.36999999999999,1.0371221818751795,13.899999999999999,0.17291589694212542,0.28,0.0034831979240140375
53,8038.280000000001,2862.24,35.607617550023136,2059.7500000000005,25.624262902013868,2607.12,32.43380424667963,383.8299999999999,4.775026498206083,106.75,1.328020422279393,18.35,0.2282826674363172,0.24,0.0029857133615649118
54,8039.06,3242.81,40.33817386609877,1996.7200000000003,24.83772978432802,2361.7799999999997,29.37880797008605,339.59999999999997,4.2243744915450305,82.6,1.0274833127256169,15.239999999999998,0.1895744029774625,0.31,0.0038561722390428733
55,8039.1,2840.5899999999997,35.33467676729982,2602.2399999999993,32.369792638479424,2124.4800000000005,26.42683882524164,372.84999999999997,4.6379569852346645,83.75999999999999,1.041907676232414,14.899999999999999,0.1853441305618788,0.28,0.003482976950156112
56,8038.219999999999,3056.9,38.029563759140714,2594.46,32.27654878816455,1918.0600000000002,23.86175048704813,347.49,4.322972001263961,104.20999999999998,1.2964312994667972,16.880000000000003,0.20999674057191772,0.22000000000000003,0.0027369243439467946
57,7930.909999999999,3584.21,45.1929223758686,2649.89,33.41218094770966,1258.2300000000002,15.864888140200813,276.1,3.4813155110825873,141.13,1.7794931476967966,21.17,0.26693027660129803,0.18,0.002269600840256667
58,8038.1799999999985,4419.14,54.976872874207864,1875.2799999999997,23.329659201461027,1198.52,14.910340400438907,395.78,4.923751396460394,128.01999999999998,1.5926490822549384,21.42,0.26647823263475073,0.02,0.00024881254214262436
59,8038.620000000001,4848.43,60.314208160107086,2198.92,27.354446409955933,425.48,5.2929482921197915,432.04999999999995,5.374678738390419,113.49999999999999,1.4119338891501274,20.200000000000003,0.251286912430243,0.04,0.0004975978463965207
60,8039.04,4207.28,52.33560226096648,2395.8500000000004,29.80268788313033,940.12,11.694431175861794,393.05999999999995,4.889389777883926,86.36999999999999,1.0743820157630761,16.27,0.2023873497333015,0.09000000000000001,0.0011195366610938621
61,8038.34,4396.3,54.69164031379613,1725.0100000000002,21.459779009098895,1350.1599999999999,16.796502760520205,447.97,5.572916796253953,100.52999999999999,1.2506313492586776,18.17,0.22604169517586964,0.19999999999999998,0.0024880758962671397
62,8038.669999999999,3774.1800000000003,46.95030396819375,1757.6399999999999,21.864810969973888,1928.7399999999998,23.99327251896147,454.38999999999993,5.652551976881748,105.11999999999999,1.3076790066018382,18.55,0.2307595659480984,0.05,0.0006219934392132033
63,8038.5,2976.71,37.03066492504821,1769.73,22.015674566150402,2768.25,34.437395036387386,401.80999999999995,4.998569384835479,104.63,1.301610997076569,17.21,0.2140946694034957,0.16,0.0019904210984636435
64,8038.7699999999995,3512.83,43.69860065656811,811.4200000000001,10.093832762972447,3191.2099999999996,39.69773982835682,409.05,5.0884650263659745,96.85999999999999,1.2049107015127936,17.23,0.21433627283776002,0.16999999999999998,0.0021147513860951365
65,8038.110000000001,4481.110000000001,55.748304016740256,1607.63,20.00009952588357,1367.18,17.00872468776864,364.05999999999995,4.529174146658852,188.79999999999998,2.3488108523023445,29.309999999999995,0.3646379559374031,0.02,0.0002488147089303331
66,6974.990000000001,3639.29,52.17627552154196,1841.17,26.39674035374961,906.5899999999999,12.997724727920753,458.72999999999996,6.576783622628849,110.32999999999998,1.5817943825009066,18.86,0.2703946528955597,0.02,0.00028673876234948007
67,8038.709999999999,3796.8500000000004,47.23208076917815,2581.0099999999998,32.10726596680313,1098.46,13.664630270279687,434.53999999999996,5.405593683563657,109.13999999999999,1.3576805233675553,18.5,0.23013642736210166,0.21,0.0026123594457319647
68,8037.76,4820.59,59.97429632136316,1402.3999999999999,17.447647105661275,1237.44,15.395334023409507,439.00999999999993,5.461845091169678,117.71999999999997,1.4645871486583322,20.54,0.2555438331077315,0.06,0.0007464766303049605
69,8038.7699999999995,3801.96,47.295295175754504,1748.1399999999999,21.746361694637365,1984.51,24.686736901292115,400.0799999999999,4.976880791464365,88.17,1.0968095865412246,15.89,0.19766705602971602,0.02,0.0002487942807170749
70,8038.45,3672.29,45.684056005822015,2246.44,27.946183654809076,1566.2699999999998,19.484726533100282,428.09000000000003,5.325529175400731,103.01999999999998,1.2815903563497937,22.34,0.27791427451809736,0.0,0.0
71,8038.349999999999,3500.83,43.551599519801954,2475.0499999999997,30.790522930700952,1530.19,19.03612059688867,402.69999999999993,5.009734584833952,110.61999999999999,1.376153066238718,18.939999999999998,0.2356204942556619,0.02,0.00024880728010101576
72,8038.7300000000005,2841.3599999999997,35.34588174997791,3209.33,39.92334610069003,1537.0199999999998,19.12018440723845,347.56,4.323568523883747,87.84,1.092709918108955,15.46,0.19231893595132565,0.16,0.001990364149560938
73,8039.0599999999995,1819.42,22.632248048901243,1986.49,24.710476100439603,3771.14,46.910210895303685,372.04999999999995,4.628028650115809,75.98,0.9451353765241212,13.64,0.16967157851788645,0.34,0.004229350197659926
74,8038.560000000001,3878.4700000000003,48.24831810672558,1558.98,19.39377201886905,2097.9900000000002,26.09907744670687,383.13,4.766152146653131,102.0,1.2688839792201585,17.78,0.22118389363269042,0.21,0.0026124081925120914
