设备状态统计_历史状态明细,Unnamed: 1,Unnamed: 2,Unnamed: 3,Unnamed: 4,Unnamed: 5,Unnamed: 6,Unnamed: 7,Unnamed: 8,Unnamed: 9
  电场:[三峡阳江海路海风场];  设备类型:风机;  设备:[#19];  查询方式:详情;  开始时间:2025-01-01;  结束时间:2025-12-01,,,,,,,,,
序号,馈线名称,设备名称,型号名称,状态,状态码,开始时间,结束时间,持续时间(s),时长描述(h)
1,L01,#19,GW252/13600,(2)停机状态,2,2025-10-20 13:00:00,--,3668399,1019
2,L01,#19,GW252/13600,(1)停机过程,1,2025-10-20 12:59:50,2025-10-20 13:00:00,10,0
3,L01,#19,GW252/13600,(9)维护状态,9,2025-10-20 12:59:14,2025-10-20 12:59:50,36,0.01
4,L01,#19,GW252/13600,(2)停机状态,2,2025-10-20 12:57:43,2025-10-20 12:59:14,91,0.03
5,L01,#19,GW252/13600,(0)初始化,0,2025-10-20 12:56:28,2025-10-20 12:57:43,75,0.02
6,L01,#19,GW252/13600,(9)维护状态,9,2025-10-20 12:54:35,2025-10-20 12:56:28,113,0.03
7,L01,#19,GW252/13600,(2)停机状态,2,2025-10-20 11:52:25,2025-10-20 12:54:35,3730,1.04
8,L01,#19,GW252/13600,(1)停机过程,1,2025-10-20 11:52:15,2025-10-20 11:52:25,10,0
9,L01,#19,GW252/13600,(9)维护状态,9,2025-10-20 11:50:42,2025-10-20 11:52:15,93,0.03
10,L01,#19,GW252/13600,(2)停机状态,2,2025-10-08 21:44:43,2025-10-20 11:50:42,1001159,278.1
11,L01,#19,GW252/13600,(1)停机过程,1,2025-10-08 21:44:33,2025-10-08 21:44:43,10,0
12,L01,#19,GW252/13600,(9)维护状态,9,2025-10-07 21:30:22,2025-10-08 21:44:33,87251,24.24
13,L01,#19,GW252/13600,(1)停机过程,1,2025-10-07 21:30:05,2025-10-07 21:30:22,17,0
14,L01,#19,GW252/13600,(9)维护状态,9,2025-10-07 20:53:46,2025-10-07 21:30:05,2179,0.61
15,L01,#19,GW252/13600,(2)停机状态,2,2025-10-03 11:56:14,2025-10-07 20:53:46,377852,104.96
16,L01,#19,GW252/13600,(1)停机过程,1,2025-10-03 11:56:04,2025-10-03 11:56:14,10,0
17,L01,#19,GW252/13600,(9)维护状态,9,2025-10-03 10:45:27,2025-10-03 11:56:04,4237,1.18
18,L01,#19,GW252/13600,(2)停机状态,2,2025-10-03 01:05:34,2025-10-03 10:45:27,34793,9.66
19,L01,#19,GW252/13600,(1)停机过程,1,2025-10-03 01:05:24,2025-10-03 01:05:34,10,0
20,L01,#19,GW252/13600,(9)维护状态,9,2025-10-03 00:41:16,2025-10-03 01:05:24,1448,0.4
21,L01,#19,GW252/13600,(2)停机状态,2,2025-10-02 14:47:19,2025-10-03 00:41:16,35637,9.9
22,L01,#19,GW252/13600,(2)停机状态,2,2025-10-01 21:58:19,2025-10-02 14:47:19,60540,16.82
23,L01,#19,GW252/13600,(1)停机过程,1,2025-10-01 21:58:08,2025-10-01 21:58:19,11,0
24,L01,#19,GW252/13600,(9)维护状态,9,2025-10-01 19:55:30,2025-10-01 21:58:08,7358,2.04
25,L01,#19,GW252/13600,(1)停机过程,1,2025-10-01 19:55:29,2025-10-01 19:55:30,1,0
26,L01,#19,GW252/13600,(9)维护状态,9,2025-10-01 19:46:05,2025-10-01 19:55:29,564,0.16
27,L01,#19,GW252/13600,(1)停机过程,1,2025-10-01 19:46:00,2025-10-01 19:46:05,5,0
28,L01,#19,GW252/13600,(9)维护状态,9,2025-10-01 18:09:26,2025-10-01 19:46:00,5794,1.61
29,L01,#19,GW252/13600,(2)停机状态,2,2025-09-25 12:43:06,2025-10-01 18:09:26,537980,149.44
30,L01,#19,GW252/13600,(1)停机过程,1,2025-09-25 12:42:52,2025-09-25 12:43:06,14,0
31,L01,#19,GW252/13600,(9)维护状态,9,2025-09-25 12:41:37,2025-09-25 12:42:52,75,0.02
32,L01,#19,GW252/13600,(2)停机状态,2,2025-09-25 12:34:27,2025-09-25 12:41:37,430,0.12
33,L01,#19,GW252/13600,(0)初始化,0,2025-09-25 12:31:34,2025-09-25 12:34:27,173,0.05
34,L01,#19,GW252/13600,(9)维护状态,9,2025-09-25 10:31:29,2025-09-25 12:31:34,7205,2
35,L01,#19,GW252/13600,(2)停机状态,2,2025-09-22 17:51:00,2025-09-25 10:31:29,232829,64.67
36,L01,#19,GW252/13600,(1)停机过程,1,2025-09-22 17:50:08,2025-09-22 17:51:00,52,0.01
37,L01,#19,GW252/13600,(5)发电状态,5,2025-09-22 15:50:23,2025-09-22 17:50:08,7185,2
38,L01,#19,GW252/13600,(4)启机状态,4,2025-09-22 15:47:40,2025-09-22 15:50:23,163,0.05
39,L01,#19,GW252/13600,(3)待机状态,3,2025-09-22 15:45:39,2025-09-22 15:47:40,121,0.03
40,L01,#19,GW252/13600,(2)停机状态,2,2025-09-22 15:45:37,2025-09-22 15:45:39,2,0
41,L01,#19,GW252/13600,(1)停机过程,1,2025-09-22 15:45:28,2025-09-22 15:45:37,9,0
42,L01,#19,GW252/13600,(9)维护状态,9,2025-09-22 13:28:43,2025-09-22 15:45:28,8205,2.28
43,L01,#19,GW252/13600,(2)停机状态,2,2025-09-21 16:41:39,2025-09-22 13:28:43,74824,20.78
44,L01,#19,GW252/13600,(1)停机过程,1,2025-09-21 16:41:22,2025-09-21 16:41:39,17,0
45,L01,#19,GW252/13600,(3)待机状态,3,2025-09-21 16:41:13,2025-09-21 16:41:22,9,0
46,L01,#19,GW252/13600,(2)停机状态,2,2025-09-21 16:41:06,2025-09-21 16:41:13,7,0
47,L01,#19,GW252/13600,(1)停机过程,1,2025-09-21 16:40:56,2025-09-21 16:41:06,10,0
48,L01,#19,GW252/13600,(9)维护状态,9,2025-09-21 16:08:29,2025-09-21 16:40:56,1947,0.54
49,L01,#19,GW252/13600,(2)停机状态,2,2025-09-20 10:35:25,2025-09-21 16:08:29,106384,29.55
50,L01,#19,GW252/13600,(1)停机过程,1,2025-09-20 10:34:34,2025-09-20 10:35:25,51,0.01
51,L01,#19,GW252/13600,(5)发电状态,5,2025-09-20 08:30:55,2025-09-20 10:34:34,7419,2.06
52,L01,#19,GW252/13600,(4)启机状态,4,2025-09-20 08:27:15,2025-09-20 08:30:55,220,0.06
53,L01,#19,GW252/13600,(3)待机状态,3,2025-09-20 08:25:57,2025-09-20 08:27:15,78,0.02
54,L01,#19,GW252/13600,(2)停机状态,2,2025-09-18 06:34:48,2025-09-20 08:25:57,179469,49.85
55,L01,#19,GW252/13600,(1)停机过程,1,2025-09-18 06:33:56,2025-09-18 06:34:48,52,0.01
56,L01,#19,GW252/13600,(5)发电状态,5,2025-09-18 04:34:24,2025-09-18 06:33:56,7172,1.99
57,L01,#19,GW252/13600,(4)启机状态,4,2025-09-18 04:33:37,2025-09-18 04:34:24,47,0.01
58,L01,#19,GW252/13600,(3)待机状态,3,2025-09-18 04:32:54,2025-09-18 04:33:37,43,0.01
59,L01,#19,GW252/13600,(2)停机状态,2,2025-09-16 09:40:03,2025-09-18 04:32:54,154371,42.88
60,L01,#19,GW252/13600,(1)停机过程,1,2025-09-16 09:39:36,2025-09-16 09:40:03,27,0.01
61,L01,#19,GW252/13600,(3)待机状态,3,2025-09-16 09:39:18,2025-09-16 09:39:36,18,0.01
62,L01,#19,GW252/13600,(2)停机状态,2,2025-09-16 04:21:14,2025-09-16 09:39:18,19084,5.3
63,L01,#19,GW252/13600,(1)停机过程,1,2025-09-16 04:20:20,2025-09-16 04:21:14,54,0.02
64,L01,#19,GW252/13600,(5)发电状态,5,2025-09-16 02:59:29,2025-09-16 04:20:20,4851,1.35
65,L01,#19,GW252/13600,(4)启机状态,4,2025-09-16 02:58:44,2025-09-16 02:59:29,45,0.01
66,L01,#19,GW252/13600,(3)待机状态,3,2025-09-16 02:58:04,2025-09-16 02:58:44,40,0.01
67,L01,#19,GW252/13600,(2)停机状态,2,2025-09-16 02:54:51,2025-09-16 02:58:04,193,0.05
68,L01,#19,GW252/13600,(1)停机过程,1,2025-09-16 02:54:00,2025-09-16 02:54:51,51,0.01
69,L01,#19,GW252/13600,(5)发电状态,5,2025-09-16 02:17:56,2025-09-16 02:54:00,2164,0.6
70,L01,#19,GW252/13600,(4)启机状态,4,2025-09-16 02:17:21,2025-09-16 02:17:56,35,0.01
71,L01,#19,GW252/13600,(3)待机状态,3,2025-09-16 02:16:47,2025-09-16 02:17:21,34,0.01
72,L01,#19,GW252/13600,(2)停机状态,2,2025-09-16 02:15:06,2025-09-16 02:16:47,101,0.03
73,L01,#19,GW252/13600,(1)停机过程,1,2025-09-16 02:14:56,2025-09-16 02:15:06,10,0
74,L01,#19,GW252/13600,(9)维护状态,9,2025-09-16 02:14:35,2025-09-16 02:14:56,21,0.01
75,L01,#19,GW252/13600,(0)初始化,0,2025-09-16 02:13:19,2025-09-16 02:14:35,76,0.02
76,L01,#19,GW252/13600,(2)停机状态,2,2025-09-16 02:11:34,2025-09-16 02:13:19,105,0.03
77,L01,#19,GW252/13600,(1)停机过程,1,2025-09-16 02:11:24,2025-09-16 02:11:34,10,0
78,L01,#19,GW252/13600,(2)停机状态,2,2025-09-16 02:11:22,2025-09-16 02:11:24,2,0
79,L01,#19,GW252/13600,(1)停机过程,1,2025-09-16 02:11:11,2025-09-16 02:11:22,11,0
80,L01,#19,GW252/13600,(9)维护状态,9,2025-09-16 00:58:18,2025-09-16 02:11:11,4373,1.21
81,L01,#19,GW252/13600,(2)停机状态,2,2025-09-16 00:57:28,2025-09-16 00:58:18,50,0.01
82,L01,#19,GW252/13600,(1)停机过程,1,2025-09-16 00:57:18,2025-09-16 00:57:28,10,0
83,L01,#19,GW252/13600,(2)停机状态,2,2025-09-16 00:56:34,2025-09-16 00:57:18,44,0.01
84,L01,#19,GW252/13600,(1)停机过程,1,2025-09-16 00:56:23,2025-09-16 00:56:34,11,0
85,L01,#19,GW252/13600,(3)待机状态,3,2025-09-16 00:56:22,2025-09-16 00:56:23,1,0
86,L01,#19,GW252/13600,(1)停机过程,1,2025-09-16 00:56:12,2025-09-16 00:56:22,10,0
87,L01,#19,GW252/13600,(2)停机状态,2,2025-09-16 00:56:11,2025-09-16 00:56:12,1,0
88,L01,#19,GW252/13600,(1)停机过程,1,2025-09-16 00:56:01,2025-09-16 00:56:11,10,0
89,L01,#19,GW252/13600,(2)停机状态,2,2025-09-16 00:55:58,2025-09-16 00:56:01,3,0
90,L01,#19,GW252/13600,(1)停机过程,1,2025-09-16 00:55:49,2025-09-16 00:55:58,9,0
91,L01,#19,GW252/13600,(9)维护状态,9,2025-09-16 00:55:15,2025-09-16 00:55:49,34,0.01
92,L01,#19,GW252/13600,(2)停机状态,2,2025-09-16 00:54:53,2025-09-16 00:55:15,22,0.01
93,L01,#19,GW252/13600,(1)停机过程,1,2025-09-16 00:54:43,2025-09-16 00:54:53,10,0
94,L01,#19,GW252/13600,(9)维护状态,9,2025-09-16 00:53:18,2025-09-16 00:54:43,85,0.02
95,L01,#19,GW252/13600,(2)停机状态,2,2025-09-16 00:51:43,2025-09-16 00:53:18,95,0.03
96,L01,#19,GW252/13600,(1)停机过程,1,2025-09-16 00:51:32,2025-09-16 00:51:43,11,0
97,L01,#19,GW252/13600,(2)停机状态,2,2025-09-16 00:50:51,2025-09-16 00:51:32,41,0.01
98,L01,#19,GW252/13600,(1)停机过程,1,2025-09-16 00:50:41,2025-09-16 00:50:51,10,0
99,L01,#19,GW252/13600,(2)停机状态,2,2025-09-16 00:50:40,2025-09-16 00:50:41,1,0
100,L01,#19,GW252/13600,(1)停机过程,1,2025-09-16 00:50:19,2025-09-16 00:50:40,21,0.01
101,L01,#19,GW252/13600,(3)待机状态,3,2025-09-16 00:50:18,2025-09-16 00:50:19,1,0
102,L01,#19,GW252/13600,(2)停机状态,2,2025-09-16 00:48:14,2025-09-16 00:50:18,124,0.03
103,L01,#19,GW252/13600,(1)停机过程,1,2025-09-16 00:48:04,2025-09-16 00:48:14,10,0
104,L01,#19,GW252/13600,(9)维护状态,9,2025-09-16 00:33:31,2025-09-16 00:48:04,873,0.24
105,L01,#19,GW252/13600,(2)停机状态,2,2025-09-16 00:28:39,2025-09-16 00:33:31,292,0.08
106,L01,#19,GW252/13600,(1)停机过程,1,2025-09-16 00:28:31,2025-09-16 00:28:39,8,0
107,L01,#19,GW252/13600,(9)维护状态,9,2025-09-11 14:04:00,2025-09-16 00:28:31,383071,106.41
108,L01,#19,GW252/13600,(2)停机状态,2,2025-09-09 20:26:07,2025-09-11 14:04:00,149873,41.63
109,L01,#19,GW252/13600,(1)停机过程,1,2025-09-09 20:25:13,2025-09-09 20:26:07,54,0.02
110,L01,#19,GW252/13600,(5)发电状态,5,2025-09-09 18:34:23,2025-09-09 20:25:13,6650,1.85
111,L01,#19,GW252/13600,(4)启机状态,4,2025-09-09 18:33:27,2025-09-09 18:34:23,56,0.02
112,L01,#19,GW252/13600,(3)待机状态,3,2025-09-09 18:32:43,2025-09-09 18:33:27,44,0.01
113,L01,#19,GW252/13600,(2)停机状态,2,2025-09-09 18:32:17,2025-09-09 18:32:43,26,0.01
114,L01,#19,GW252/13600,(1)停机过程,1,2025-09-09 18:32:07,2025-09-09 18:32:17,10,0
115,L01,#19,GW252/13600,(9)维护状态,9,2025-09-09 16:00:53,2025-09-09 18:32:07,9074,2.52
116,L01,#19,GW252/13600,(2)停机状态,2,2025-09-07 10:17:55,2025-09-09 16:00:53,193378,53.72
117,L01,#19,GW252/13600,(1)停机过程,1,2025-09-07 10:17:45,2025-09-07 10:17:55,10,0
118,L01,#19,GW252/13600,(9)维护状态,9,2025-09-07 09:22:49,2025-09-07 10:17:45,3296,0.92
119,L01,#19,GW252/13600,(2)停机状态,2,2025-09-06 21:43:19,2025-09-07 09:22:49,41970,11.66
120,L01,#19,GW252/13600,(1)停机过程,1,2025-09-06 21:42:48,2025-09-06 21:43:19,31,0.01
121,L01,#19,GW252/13600,(3)待机状态,3,2025-09-06 18:55:58,2025-09-06 21:42:48,10010,2.78
122,L01,#19,GW252/13600,(2)停机状态,2,2025-09-06 18:55:56,2025-09-06 18:55:58,2,0
123,L01,#19,GW252/13600,(1)停机过程,1,2025-09-06 18:55:46,2025-09-06 18:55:56,10,0
124,L01,#19,GW252/13600,(9)维护状态,9,2025-09-05 03:03:53,2025-09-06 18:55:46,143513,39.86
125,L01,#19,GW252/13600,(2)停机状态,2,2025-09-04 21:37:24,2025-09-05 03:03:53,19589,5.44
126,L01,#19,GW252/13600,(1)停机过程,1,2025-09-04 21:36:31,2025-09-04 21:37:24,53,0.01
127,L01,#19,GW252/13600,(5)发电状态,5,2025-09-04 19:36:51,2025-09-04 21:36:31,7180,1.99
128,L01,#19,GW252/13600,(4)启机状态,4,2025-09-04 19:34:26,2025-09-04 19:36:51,145,0.04
129,L01,#19,GW252/13600,(3)待机状态,3,2025-09-04 19:23:44,2025-09-04 19:34:26,642,0.18
130,L01,#19,GW252/13600,(2)停机状态,2,2025-09-02 00:03:10,2025-09-04 19:23:44,242434,67.34
131,L01,#19,GW252/13600,(1)停机过程,1,2025-09-02 00:02:17,2025-09-02 00:03:10,53,0.01
132,L01,#19,GW252/13600,(5)发电状态,5,2025-09-01 22:58:47,2025-09-02 00:02:17,3810,1.06
133,L01,#19,GW252/13600,(4)启机状态,4,2025-09-01 22:57:30,2025-09-01 22:58:47,77,0.02
134,L01,#19,GW252/13600,(3)待机状态,3,2025-09-01 22:56:44,2025-09-01 22:57:30,46,0.01
135,L01,#19,GW252/13600,(2)停机状态,2,2025-09-01 22:56:41,2025-09-01 22:56:44,3,0
136,L01,#19,GW252/13600,(1)停机过程,1,2025-09-01 22:56:31,2025-09-01 22:56:41,10,0
137,L01,#19,GW252/13600,(9)维护状态,9,2025-09-01 22:55:56,2025-09-01 22:56:31,35,0.01
138,L01,#19,GW252/13600,(2)停机状态,2,2025-09-01 22:15:20,2025-09-01 22:55:56,2436,0.68
139,L01,#19,GW252/13600,(1)停机过程,1,2025-09-01 22:14:27,2025-09-01 22:15:20,53,0.01
140,L01,#19,GW252/13600,(5)发电状态,5,2025-09-01 21:39:59,2025-09-01 22:14:27,2068,0.57
141,L01,#19,GW252/13600,(4)启机状态,4,2025-09-01 21:38:41,2025-09-01 21:39:59,78,0.02
142,L01,#19,GW252/13600,(3)待机状态,3,2025-09-01 21:37:52,2025-09-01 21:38:41,49,0.01
143,L01,#19,GW252/13600,(2)停机状态,2,2025-08-30 18:33:21,2025-09-01 21:37:52,183871,51.08
144,L01,#19,GW252/13600,(1)停机过程,1,2025-08-30 18:32:28,2025-08-30 18:33:21,53,0.01
145,L01,#19,GW252/13600,(5)发电状态,5,2025-08-30 17:31:11,2025-08-30 18:32:28,3677,1.02
146,L01,#19,GW252/13600,(4)启机状态,4,2025-08-30 17:29:53,2025-08-30 17:31:11,78,0.02
147,L01,#19,GW252/13600,(3)待机状态,3,2025-08-30 17:28:59,2025-08-30 17:29:53,54,0.02
148,L01,#19,GW252/13600,(2)停机状态,2,2025-08-30 17:25:45,2025-08-30 17:28:59,194,0.05
149,L01,#19,GW252/13600,(1)停机过程,1,2025-08-30 17:25:36,2025-08-30 17:25:45,9,0
150,L01,#19,GW252/13600,(9)维护状态,9,2025-08-30 15:13:58,2025-08-30 17:25:36,7898,2.19
151,L01,#19,GW252/13600,(2)停机状态,2,2025-08-30 09:38:34,2025-08-30 15:13:58,20124,5.59
152,L01,#19,GW252/13600,(1)停机过程,1,2025-08-30 09:38:24,2025-08-30 09:38:34,10,0
153,L01,#19,GW252/13600,(9)维护状态,9,2025-08-30 09:36:04,2025-08-30 09:38:24,140,0.04
154,L01,#19,GW252/13600,(2)停机状态,2,2025-08-29 10:12:31,2025-08-30 09:36:04,84213,23.39
155,L01,#19,GW252/13600,(1)停机过程,1,2025-08-29 10:12:21,2025-08-29 10:12:31,10,0
156,L01,#19,GW252/13600,(9)维护状态,9,2025-08-29 10:08:48,2025-08-29 10:12:21,213,0.06
157,L01,#19,GW252/13600,(2)停机状态,2,2025-08-28 08:49:09,2025-08-29 10:08:48,91179,25.33
158,L01,#19,GW252/13600,(1)停机过程,1,2025-08-28 08:48:59,2025-08-28 08:49:09,10,0
159,L01,#19,GW252/13600,(9)维护状态,9,2025-08-27 20:12:07,2025-08-28 08:48:59,45412,12.61
160,L01,#19,GW252/13600,(2)停机状态,2,2025-08-27 19:48:05,2025-08-27 20:12:07,1442,0.4
161,L01,#19,GW252/13600,(1)停机过程,1,2025-08-27 19:48:00,2025-08-27 19:48:05,5,0
162,L01,#19,GW252/13600,(9)维护状态,9,2025-08-27 19:30:17,2025-08-27 19:48:00,1063,0.3
163,L01,#19,GW252/13600,(2)停机状态,2,2025-08-26 17:03:12,2025-08-27 19:30:17,95225,26.45
164,L01,#19,GW252/13600,(1)停机过程,1,2025-08-26 17:02:19,2025-08-26 17:03:12,53,0.01
165,L01,#19,GW252/13600,(4)启机状态,4,2025-08-26 17:01:08,2025-08-26 17:02:19,71,0.02
166,L01,#19,GW252/13600,(3)待机状态,3,2025-08-26 17:00:09,2025-08-26 17:01:08,59,0.02
167,L01,#19,GW252/13600,(2)停机状态,2,2025-08-26 17:00:00,2025-08-26 17:00:09,9,0
168,L01,#19,GW252/13600,(1)停机过程,1,2025-08-26 16:59:50,2025-08-26 17:00:00,10,0
169,L01,#19,GW252/13600,(9)维护状态,9,2025-08-26 16:59:22,2025-08-26 16:59:50,28,0.01
170,L01,#19,GW252/13600,(2)停机状态,2,2025-08-26 16:49:40,2025-08-26 16:59:22,582,0.16
171,L01,#19,GW252/13600,(1)停机过程,1,2025-08-26 16:49:35,2025-08-26 16:49:40,5,0
172,L01,#19,GW252/13600,(9)维护状态,9,2025-08-26 16:46:16,2025-08-26 16:49:35,199,0.06
173,L01,#19,GW252/13600,(2)停机状态,2,2025-08-26 10:35:01,2025-08-26 16:46:16,22275,6.19
174,L01,#19,GW252/13600,(1)停机过程,1,2025-08-26 10:34:08,2025-08-26 10:35:01,53,0.01
175,L01,#19,GW252/13600,(5)发电状态,5,2025-08-26 08:51:40,2025-08-26 10:34:08,6148,1.71
176,L01,#19,GW252/13600,(4)启机状态,4,2025-08-26 08:50:36,2025-08-26 08:51:40,64,0.02
177,L01,#19,GW252/13600,(3)待机状态,3,2025-08-26 08:49:48,2025-08-26 08:50:36,48,0.01
178,L01,#19,GW252/13600,(2)停机状态,2,2025-08-25 00:16:18,2025-08-26 08:49:48,117210,32.56
179,L01,#19,GW252/13600,(1)停机过程,1,2025-08-25 00:16:08,2025-08-25 00:16:18,10,0
180,L01,#19,GW252/13600,(9)维护状态,9,2025-08-25 00:15:38,2025-08-25 00:16:08,30,0.01
181,L01,#19,GW252/13600,(2)停机状态,2,2025-08-25 00:15:31,2025-08-25 00:15:38,7,0
182,L01,#19,GW252/13600,(0)初始化,0,2025-08-25 00:14:15,2025-08-25 00:15:31,76,0.02
183,L01,#19,GW252/13600,(2)停机状态,2,2025-08-23 09:32:08,2025-08-25 00:14:15,139327,38.7
184,L01,#19,GW252/13600,(1)停机过程,1,2025-08-23 09:31:58,2025-08-23 09:32:08,10,0
185,L01,#19,GW252/13600,(9)维护状态,9,2025-08-23 03:59:50,2025-08-23 09:31:58,19928,5.54
186,L01,#19,GW252/13600,(2)停机状态,2,2025-08-23 03:57:39,2025-08-23 03:59:50,131,0.04
187,L01,#19,GW252/13600,(0)初始化,0,2025-08-23 03:56:25,2025-08-23 03:57:39,74,0.02
188,L01,#19,GW252/13600,(9)维护状态,9,2025-08-23 03:54:26,2025-08-23 03:56:25,119,0.03
189,L01,#19,GW252/13600,(2)停机状态,2,2025-08-23 03:49:07,2025-08-23 03:54:26,319,0.09
190,L01,#19,GW252/13600,(1)停机过程,1,2025-08-23 03:48:57,2025-08-23 03:49:07,10,0
191,L01,#19,GW252/13600,(9)维护状态,9,2025-08-22 18:57:43,2025-08-23 03:48:57,31874,8.85
192,L01,#19,GW252/13600,(2)停机状态,2,2025-08-22 18:57:10,2025-08-22 18:57:43,33,0.01
193,L01,#19,GW252/13600,(1)停机过程,1,2025-08-22 18:56:59,2025-08-22 18:57:10,11,0
194,L01,#19,GW252/13600,(9)维护状态,9,2025-08-22 12:56:15,2025-08-22 18:56:59,21644,6.01
195,L01,#19,GW252/13600,(0)初始化,0,2025-08-22 12:53:15,2025-08-22 12:56:15,180,0.05
196,L01,#19,GW252/13600,(9)维护状态,9,2025-08-22 08:18:39,2025-08-22 12:53:15,16476,4.58
197,L01,#19,GW252/13600,(2)停机状态,2,2025-08-22 05:12:24,2025-08-22 08:18:39,11175,3.1
198,L01,#19,GW252/13600,(1)停机过程,1,2025-08-22 05:11:32,2025-08-22 05:12:24,52,0.01
199,L01,#19,GW252/13600,(5)发电状态,5,2025-08-22 03:11:14,2025-08-22 05:11:32,7218,2.01
200,L01,#19,GW252/13600,(4)启机状态,4,2025-08-22 03:10:00,2025-08-22 03:11:14,74,0.02
201,L01,#19,GW252/13600,(3)待机状态,3,2025-08-22 03:06:46,2025-08-22 03:10:00,194,0.05
202,L01,#19,GW252/13600,(2)停机状态,2,2025-08-22 03:06:44,2025-08-22 03:06:46,2,0
203,L01,#19,GW252/13600,(1)停机过程,1,2025-08-22 03:06:11,2025-08-22 03:06:44,33,0.01
204,L01,#19,GW252/13600,(3)待机状态,3,2025-08-22 03:05:18,2025-08-22 03:06:11,53,0.01
205,L01,#19,GW252/13600,(2)停机状态,2,2025-08-22 03:05:16,2025-08-22 03:05:18,2,0
206,L01,#19,GW252/13600,(1)停机过程,1,2025-08-22 03:04:46,2025-08-22 03:05:16,30,0.01
207,L01,#19,GW252/13600,(3)待机状态,3,2025-08-22 03:04:24,2025-08-22 03:04:46,22,0.01
208,L01,#19,GW252/13600,(2)停机状态,2,2025-08-22 03:04:23,2025-08-22 03:04:24,1,0
209,L01,#19,GW252/13600,(1)停机过程,1,2025-08-22 03:04:13,2025-08-22 03:04:23,10,0
210,L01,#19,GW252/13600,(9)维护状态,9,2025-08-21 22:04:40,2025-08-22 03:04:13,17973,4.99
211,L01,#19,GW252/13600,(0)初始化,0,2025-08-21 22:01:40,2025-08-21 22:04:40,180,0.05
212,L01,#19,GW252/13600,(9)维护状态,9,2025-08-21 15:26:48,2025-08-21 22:01:40,23692,6.58
213,L01,#19,GW252/13600,(2)停机状态,2,2025-08-19 17:58:06,2025-08-21 15:26:48,163722,45.48
214,L01,#19,GW252/13600,(1)停机过程,1,2025-08-19 17:57:13,2025-08-19 17:58:06,53,0.01
215,L01,#19,GW252/13600,(5)发电状态,5,2025-08-19 16:36:10,2025-08-19 17:57:13,4863,1.35
216,L01,#19,GW252/13600,(4)启机状态,4,2025-08-19 16:35:07,2025-08-19 16:36:10,63,0.02
217,L01,#19,GW252/13600,(3)待机状态,3,2025-08-19 16:34:22,2025-08-19 16:35:07,45,0.01
218,L01,#19,GW252/13600,(2)停机状态,2,2025-08-19 16:34:18,2025-08-19 16:34:22,4,0
219,L01,#19,GW252/13600,(1)停机过程,1,2025-08-19 16:34:09,2025-08-19 16:34:18,9,0
220,L01,#19,GW252/13600,(9)维护状态,9,2025-08-19 16:31:38,2025-08-19 16:34:09,151,0.04
221,L01,#19,GW252/13600,(2)停机状态,2,2025-08-19 14:26:36,2025-08-19 16:31:38,7502,2.08
222,L01,#19,GW252/13600,(1)停机过程,1,2025-08-19 14:25:42,2025-08-19 14:26:36,54,0.02
223,L01,#19,GW252/13600,(5)发电状态,5,2025-08-19 13:43:21,2025-08-19 14:25:42,2541,0.71
224,L01,#19,GW252/13600,(4)启机状态,4,2025-08-19 13:42:26,2025-08-19 13:43:21,55,0.02
225,L01,#19,GW252/13600,(3)待机状态,3,2025-08-19 13:41:41,2025-08-19 13:42:26,45,0.01
226,L01,#19,GW252/13600,(2)停机状态,2,2025-08-15 16:14:59,2025-08-19 13:41:41,336402,93.45
227,L01,#19,GW252/13600,(1)停机过程,1,2025-08-15 16:14:06,2025-08-15 16:14:59,53,0.01
228,L01,#19,GW252/13600,(5)发电状态,5,2025-08-15 14:57:33,2025-08-15 16:14:06,4593,1.28
229,L01,#19,GW252/13600,(4)启机状态,4,2025-08-15 14:55:21,2025-08-15 14:57:33,132,0.04
230,L01,#19,GW252/13600,(3)待机状态,3,2025-08-15 14:54:24,2025-08-15 14:55:21,57,0.02
231,L01,#19,GW252/13600,(1)停机过程,1,2025-08-15 14:53:31,2025-08-15 14:54:24,53,0.01
232,L01,#19,GW252/13600,(4)启机状态,4,2025-08-15 14:48:31,2025-08-15 14:53:31,300,0.08
233,L01,#19,GW252/13600,(3)待机状态,3,2025-08-15 14:47:26,2025-08-15 14:48:31,65,0.02
234,L01,#19,GW252/13600,(2)停机状态,2,2025-08-15 14:47:24,2025-08-15 14:47:26,2,0
235,L01,#19,GW252/13600,(1)停机过程,1,2025-08-15 14:46:53,2025-08-15 14:47:24,31,0.01
236,L01,#19,GW252/13600,(4)启机状态,4,2025-08-15 14:41:52,2025-08-15 14:46:53,301,0.08
237,L01,#19,GW252/13600,(3)待机状态,3,2025-08-15 14:40:10,2025-08-15 14:41:52,102,0.03
238,L01,#19,GW252/13600,(2)停机状态,2,2025-08-15 14:40:08,2025-08-15 14:40:10,2,0
239,L01,#19,GW252/13600,(1)停机过程,1,2025-08-15 14:39:36,2025-08-15 14:40:08,32,0.01
240,L01,#19,GW252/13600,(4)启机状态,4,2025-08-15 14:34:36,2025-08-15 14:39:36,300,0.08
241,L01,#19,GW252/13600,(3)待机状态,3,2025-08-15 14:32:45,2025-08-15 14:34:36,111,0.03
242,L01,#19,GW252/13600,(2)停机状态,2,2025-08-15 14:32:43,2025-08-15 14:32:45,2,0
243,L01,#19,GW252/13600,(1)停机过程,1,2025-08-15 14:32:12,2025-08-15 14:32:43,31,0.01
244,L01,#19,GW252/13600,(4)启机状态,4,2025-08-15 14:27:12,2025-08-15 14:32:12,300,0.08
245,L01,#19,GW252/13600,(3)待机状态,3,2025-08-15 14:14:08,2025-08-15 14:27:12,784,0.22
246,L01,#19,GW252/13600,(2)停机状态,2,2025-08-15 14:08:31,2025-08-15 14:14:08,337,0.09
247,L01,#19,GW252/13600,(1)停机过程,1,2025-08-15 14:07:39,2025-08-15 14:08:31,52,0.01
248,L01,#19,GW252/13600,(4)启机状态,4,2025-08-15 14:02:39,2025-08-15 14:07:39,300,0.08
249,L01,#19,GW252/13600,(3)待机状态,3,2025-08-15 13:56:26,2025-08-15 14:02:39,373,0.1
250,L01,#19,GW252/13600,(2)停机状态,2,2025-08-13 12:48:06,2025-08-15 13:56:26,176900,49.14
251,L01,#19,GW252/13600,(1)停机过程,1,2025-08-13 12:47:33,2025-08-13 12:48:06,33,0.01
252,L01,#19,GW252/13600,(4)启机状态,4,2025-08-13 12:45:43,2025-08-13 12:47:33,110,0.03
253,L01,#19,GW252/13600,(3)待机状态,3,2025-08-13 12:44:41,2025-08-13 12:45:43,62,0.02
254,L01,#19,GW252/13600,(2)停机状态,2,2025-08-13 12:44:40,2025-08-13 12:44:41,1,0
255,L01,#19,GW252/13600,(1)停机过程,1,2025-08-13 12:44:05,2025-08-13 12:44:40,35,0.01
256,L01,#19,GW252/13600,(4)启机状态,4,2025-08-13 12:39:05,2025-08-13 12:44:05,300,0.08
257,L01,#19,GW252/13600,(3)待机状态,3,2025-08-13 12:37:52,2025-08-13 12:39:05,73,0.02
258,L01,#19,GW252/13600,(2)停机状态,2,2025-08-13 12:37:49,2025-08-13 12:37:52,3,0
259,L01,#19,GW252/13600,(1)停机过程,1,2025-08-13 12:37:19,2025-08-13 12:37:49,30,0.01
260,L01,#19,GW252/13600,(4)启机状态,4,2025-08-13 12:32:19,2025-08-13 12:37:19,300,0.08
261,L01,#19,GW252/13600,(3)待机状态,3,2025-08-13 12:31:11,2025-08-13 12:32:19,68,0.02
262,L01,#19,GW252/13600,(2)停机状态,2,2025-08-13 12:31:09,2025-08-13 12:31:11,2,0
263,L01,#19,GW252/13600,(1)停机过程,1,2025-08-13 12:30:36,2025-08-13 12:31:09,33,0.01
264,L01,#19,GW252/13600,(4)启机状态,4,2025-08-13 12:25:37,2025-08-13 12:30:36,299,0.08
265,L01,#19,GW252/13600,(3)待机状态,3,2025-08-13 12:24:07,2025-08-13 12:25:37,90,0.03
266,L01,#19,GW252/13600,(2)停机状态,2,2025-08-13 12:24:06,2025-08-13 12:24:07,1,0
267,L01,#19,GW252/13600,(1)停机过程,1,2025-08-13 12:23:33,2025-08-13 12:24:06,33,0.01
268,L01,#19,GW252/13600,(4)启机状态,4,2025-08-13 12:18:33,2025-08-13 12:23:33,300,0.08
269,L01,#19,GW252/13600,(3)待机状态,3,2025-08-13 12:17:15,2025-08-13 12:18:33,78,0.02
270,L01,#19,GW252/13600,(2)停机状态,2,2025-08-13 12:17:13,2025-08-13 12:17:15,2,0
271,L01,#19,GW252/13600,(1)停机过程,1,2025-08-13 12:16:20,2025-08-13 12:17:13,53,0.01
272,L01,#19,GW252/13600,(5)发电状态,5,2025-08-13 12:04:18,2025-08-13 12:16:20,722,0.2
273,L01,#19,GW252/13600,(4)启机状态,4,2025-08-13 12:00:21,2025-08-13 12:04:18,237,0.07
274,L01,#19,GW252/13600,(3)待机状态,3,2025-08-13 11:59:20,2025-08-13 12:00:21,61,0.02
275,L01,#19,GW252/13600,(2)停机状态,2,2025-08-13 11:59:19,2025-08-13 11:59:20,1,0
276,L01,#19,GW252/13600,(1)停机过程,1,2025-08-13 11:58:27,2025-08-13 11:59:19,52,0.01
277,L01,#19,GW252/13600,(4)启机状态,4,2025-08-13 11:53:26,2025-08-13 11:58:27,301,0.08
278,L01,#19,GW252/13600,(3)待机状态,3,2025-08-13 11:52:29,2025-08-13 11:53:26,57,0.02
279,L01,#19,GW252/13600,(2)停机状态,2,2025-08-13 11:52:27,2025-08-13 11:52:29,2,0
280,L01,#19,GW252/13600,(1)停机过程,1,2025-08-13 11:51:54,2025-08-13 11:52:27,33,0.01
281,L01,#19,GW252/13600,(4)启机状态,4,2025-08-13 11:46:55,2025-08-13 11:51:54,299,0.08
282,L01,#19,GW252/13600,(3)待机状态,3,2025-08-13 11:44:57,2025-08-13 11:46:55,118,0.03
283,L01,#19,GW252/13600,(2)停机状态,2,2025-08-13 11:44:56,2025-08-13 11:44:57,1,0
284,L01,#19,GW252/13600,(1)停机过程,1,2025-08-13 11:44:04,2025-08-13 11:44:56,52,0.01
285,L01,#19,GW252/13600,(4)启机状态,4,2025-08-13 11:39:04,2025-08-13 11:44:04,300,0.08
286,L01,#19,GW252/13600,(3)待机状态,3,2025-08-13 11:37:47,2025-08-13 11:39:04,77,0.02
287,L01,#19,GW252/13600,(2)停机状态,2,2025-08-13 11:37:45,2025-08-13 11:37:47,2,0
288,L01,#19,GW252/13600,(1)停机过程,1,2025-08-13 11:36:53,2025-08-13 11:37:45,52,0.01
289,L01,#19,GW252/13600,(4)启机状态,4,2025-08-13 11:31:53,2025-08-13 11:36:53,300,0.08
290,L01,#19,GW252/13600,(3)待机状态,3,2025-08-13 11:30:40,2025-08-13 11:31:53,73,0.02
291,L01,#19,GW252/13600,(2)停机状态,2,2025-08-13 11:30:38,2025-08-13 11:30:40,2,0
292,L01,#19,GW252/13600,(1)停机过程,1,2025-08-13 11:30:08,2025-08-13 11:30:38,30,0.01
293,L01,#19,GW252/13600,(4)启机状态,4,2025-08-13 11:25:07,2025-08-13 11:30:08,301,0.08
294,L01,#19,GW252/13600,(3)待机状态,3,2025-08-13 11:17:18,2025-08-13 11:25:07,469,0.13
295,L01,#19,GW252/13600,(1)停机过程,1,2025-08-13 11:16:46,2025-08-13 11:17:18,32,0.01
296,L01,#19,GW252/13600,(4)启机状态,4,2025-08-13 11:11:46,2025-08-13 11:16:46,300,0.08
297,L01,#19,GW252/13600,(3)待机状态,3,2025-08-13 11:06:45,2025-08-13 11:11:46,301,0.08
298,L01,#19,GW252/13600,(2)停机状态,2,2025-08-13 11:06:43,2025-08-13 11:06:45,2,0
299,L01,#19,GW252/13600,(1)停机过程,1,2025-08-13 11:06:11,2025-08-13 11:06:43,32,0.01
300,L01,#19,GW252/13600,(4)启机状态,4,2025-08-13 11:01:11,2025-08-13 11:06:11,300,0.08
301,L01,#19,GW252/13600,(3)待机状态,3,2025-08-13 10:58:17,2025-08-13 11:01:11,174,0.05
302,L01,#19,GW252/13600,(2)停机状态,2,2025-08-13 10:21:37,2025-08-13 10:58:17,2200,0.61
303,L01,#19,GW252/13600,(1)停机过程,1,2025-08-13 10:21:06,2025-08-13 10:21:37,31,0.01
304,L01,#19,GW252/13600,(4)启机状态,4,2025-08-13 10:16:06,2025-08-13 10:21:06,300,0.08
305,L01,#19,GW252/13600,(3)待机状态,3,2025-08-13 10:12:05,2025-08-13 10:16:06,241,0.07
306,L01,#19,GW252/13600,(2)停机状态,2,2025-08-11 10:05:02,2025-08-13 10:12:05,173223,48.12
307,L01,#19,GW252/13600,(1)停机过程,1,2025-08-11 10:04:09,2025-08-11 10:05:02,53,0.01
308,L01,#19,GW252/13600,(5)发电状态,5,2025-08-11 09:22:08,2025-08-11 10:04:09,2521,0.7
309,L01,#19,GW252/13600,(4)启机状态,4,2025-08-11 09:17:38,2025-08-11 09:22:08,270,0.08
310,L01,#19,GW252/13600,(3)待机状态,3,2025-08-11 09:16:34,2025-08-11 09:17:38,64,0.02
311,L01,#19,GW252/13600,(2)停机状态,2,2025-08-11 08:39:55,2025-08-11 09:16:34,2199,0.61
312,L01,#19,GW252/13600,(1)停机过程,1,2025-08-11 08:39:21,2025-08-11 08:39:55,34,0.01
313,L01,#19,GW252/13600,(4)启机状态,4,2025-08-11 08:34:22,2025-08-11 08:39:21,299,0.08
314,L01,#19,GW252/13600,(3)待机状态,3,2025-08-11 08:10:48,2025-08-11 08:34:22,1414,0.39
315,L01,#19,GW252/13600,(2)停机状态,2,2025-08-09 01:58:03,2025-08-11 08:10:48,195165,54.21
316,L01,#19,GW252/13600,(1)停机过程,1,2025-08-09 01:57:11,2025-08-09 01:58:03,52,0.01
317,L01,#19,GW252/13600,(5)发电状态,5,2025-08-08 23:45:44,2025-08-09 01:57:11,7887,2.19
318,L01,#19,GW252/13600,(4)启机状态,4,2025-08-08 23:44:28,2025-08-08 23:45:44,76,0.02
319,L01,#19,GW252/13600,(3)待机状态,3,2025-08-08 23:43:44,2025-08-08 23:44:28,44,0.01
320,L01,#19,GW252/13600,(2)停机状态,2,2025-08-08 23:43:42,2025-08-08 23:43:44,2,0
321,L01,#19,GW252/13600,(1)停机过程,1,2025-08-08 23:43:32,2025-08-08 23:43:42,10,0
322,L01,#19,GW252/13600,(9)维护状态,9,2025-08-08 18:04:06,2025-08-08 23:43:32,20366,5.66
323,L01,#19,GW252/13600,(2)停机状态,2,2025-08-07 00:00:52,2025-08-08 18:04:06,151394,42.05
324,L01,#19,GW252/13600,(1)停机过程,1,2025-08-07 00:00:00,2025-08-07 00:00:52,52,0.01
325,L01,#19,GW252/13600,(5)发电状态,5,2025-08-06 23:44:27,2025-08-07 00:00:00,933,0.26
326,L01,#19,GW252/13600,(4)启机状态,4,2025-08-06 23:43:41,2025-08-06 23:44:27,46,0.01
327,L01,#19,GW252/13600,(3)待机状态,3,2025-08-06 23:43:02,2025-08-06 23:43:41,39,0.01
328,L01,#19,GW252/13600,(2)停机状态,2,2025-08-06 23:40:33,2025-08-06 23:43:02,149,0.04
329,L01,#19,GW252/13600,(1)停机过程,1,2025-08-06 23:39:41,2025-08-06 23:40:33,52,0.01
330,L01,#19,GW252/13600,(5)发电状态,5,2025-08-06 23:39:05,2025-08-06 23:39:41,36,0.01
331,L01,#19,GW252/13600,(4)启机状态,4,2025-08-06 23:38:18,2025-08-06 23:39:05,47,0.01
332,L01,#19,GW252/13600,(3)待机状态,3,2025-08-06 23:37:41,2025-08-06 23:38:18,37,0.01
333,L01,#19,GW252/13600,(2)停机状态,2,2025-08-06 23:37:39,2025-08-06 23:37:41,2,0
334,L01,#19,GW252/13600,(1)停机过程,1,2025-08-06 23:37:29,2025-08-06 23:37:39,10,0
335,L01,#19,GW252/13600,(9)维护状态,9,2025-08-06 23:36:26,2025-08-06 23:37:29,63,0.02
336,L01,#19,GW252/13600,(2)停机状态,2,2025-08-06 22:41:10,2025-08-06 23:36:26,3316,0.92
337,L01,#19,GW252/13600,(1)停机过程,1,2025-08-06 22:40:19,2025-08-06 22:41:10,51,0.01
338,L01,#19,GW252/13600,(5)发电状态,5,2025-08-06 21:22:43,2025-08-06 22:40:19,4656,1.29
339,L01,#19,GW252/13600,(4)启机状态,4,2025-08-06 21:22:02,2025-08-06 21:22:43,41,0.01
340,L01,#19,GW252/13600,(3)待机状态,3,2025-08-06 21:18:59,2025-08-06 21:22:02,183,0.05
341,L01,#19,GW252/13600,(2)停机状态,2,2025-08-06 21:17:42,2025-08-06 21:18:59,77,0.02
342,L01,#19,GW252/13600,(1)停机过程,1,2025-08-06 21:17:32,2025-08-06 21:17:42,10,0
343,L01,#19,GW252/13600,(9)维护状态,9,2025-08-04 11:09:28,2025-08-06 21:17:32,209284,58.13
344,L01,#19,GW252/13600,(2)停机状态,2,2025-08-04 11:08:41,2025-08-04 11:09:28,47,0.01
345,L01,#19,GW252/13600,(1)停机过程,1,2025-08-04 11:08:09,2025-08-04 11:08:41,32,0.01
346,L01,#19,GW252/13600,(3)待机状态,3,2025-08-04 11:07:44,2025-08-04 11:08:09,25,0.01
347,L01,#19,GW252/13600,(2)停机状态,2,2025-08-04 11:07:43,2025-08-04 11:07:44,1,0
348,L01,#19,GW252/13600,(1)停机过程,1,2025-08-04 11:07:33,2025-08-04 11:07:43,10,0
349,L01,#19,GW252/13600,(9)维护状态,9,2025-08-03 13:43:43,2025-08-04 11:07:33,77030,21.4
350,L01,#19,GW252/13600,(2)停机状态,2,2025-08-03 13:39:52,2025-08-03 13:43:43,231,0.06
351,L01,#19,GW252/13600,(1)停机过程,1,2025-08-03 13:39:42,2025-08-03 13:39:52,10,0
352,L01,#19,GW252/13600,(9)维护状态,9,2025-08-03 05:26:40,2025-08-03 13:39:42,29582,8.22
353,L01,#19,GW252/13600,(2)停机状态,2,2025-08-03 05:01:32,2025-08-03 05:26:40,1508,0.42
354,L01,#19,GW252/13600,(9)维护状态,9,2025-07-25 10:31:06,2025-08-03 05:01:32,757826,210.51
355,L01,#19,GW252/13600,(2)停机状态,2,2025-07-23 18:43:18,2025-07-25 10:31:06,143268,39.8
356,L01,#19,GW252/13600,(1)停机过程,1,2025-07-23 18:42:22,2025-07-23 18:43:18,56,0.02
357,L01,#19,GW252/13600,(5)发电状态,5,2025-07-23 16:11:59,2025-07-23 18:42:22,9023,2.51
358,L01,#19,GW252/13600,(4)启机状态,4,2025-07-23 16:11:10,2025-07-23 16:11:59,49,0.01
359,L01,#19,GW252/13600,(3)待机状态,3,2025-07-23 16:09:20,2025-07-23 16:11:10,110,0.03
360,L01,#19,GW252/13600,(2)停机状态,2,2025-07-23 16:03:35,2025-07-23 16:09:20,345,0.1
361,L01,#19,GW252/13600,(1)停机过程,1,2025-07-23 16:03:25,2025-07-23 16:03:35,10,0
362,L01,#19,GW252/13600,(9)维护状态,9,2025-07-23 15:56:00,2025-07-23 16:03:25,445,0.12
363,L01,#19,GW252/13600,(2)停机状态,2,2025-07-23 15:54:26,2025-07-23 15:56:00,94,0.03
364,L01,#19,GW252/13600,(1)停机过程,1,2025-07-23 15:54:16,2025-07-23 15:54:26,10,0
365,L01,#19,GW252/13600,(9)维护状态,9,2025-07-21 18:32:24,2025-07-23 15:54:16,163312,45.36
366,L01,#19,GW252/13600,(2)停机状态,2,2025-07-21 16:10:12,2025-07-21 18:32:24,8532,2.37
367,L01,#19,GW252/13600,(1)停机过程,1,2025-07-21 16:09:19,2025-07-21 16:10:12,53,0.01
368,L01,#19,GW252/13600,(5)发电状态,5,2025-07-21 14:13:35,2025-07-21 16:09:19,6944,1.93
369,L01,#19,GW252/13600,(4)启机状态,4,2025-07-21 14:12:53,2025-07-21 14:13:35,42,0.01
370,L01,#19,GW252/13600,(3)待机状态,3,2025-07-21 14:12:13,2025-07-21 14:12:53,40,0.01
371,L01,#19,GW252/13600,(2)停机状态,2,2025-07-21 13:58:34,2025-07-21 14:12:13,819,0.23
372,L01,#19,GW252/13600,(1)停机过程,1,2025-07-21 13:58:24,2025-07-21 13:58:34,10,0
373,L01,#19,GW252/13600,(9)维护状态,9,2025-07-18 20:10:34,2025-07-21 13:58:24,236870,65.8
374,L01,#19,GW252/13600,(2)停机状态,2,2025-07-18 20:10:03,2025-07-18 20:10:34,31,0.01
375,L01,#19,GW252/13600,(1)停机过程,1,2025-07-18 20:09:08,2025-07-18 20:10:03,55,0.02
376,L01,#19,GW252/13600,(5)发电状态,5,2025-07-18 19:31:32,2025-07-18 20:09:08,2256,0.63
377,L01,#19,GW252/13600,(4)启机状态,4,2025-07-18 19:29:05,2025-07-18 19:31:32,147,0.04
378,L01,#19,GW252/13600,(3)待机状态,3,2025-07-18 19:28:11,2025-07-18 19:29:05,54,0.02
379,L01,#19,GW252/13600,(2)停机状态,2,2025-07-18 19:28:10,2025-07-18 19:28:11,1,0
380,L01,#19,GW252/13600,(1)停机过程,1,2025-07-18 19:27:29,2025-07-18 19:28:10,41,0.01
381,L01,#19,GW252/13600,(4)启机状态,4,2025-07-18 19:22:29,2025-07-18 19:27:29,300,0.08
382,L01,#19,GW252/13600,(3)待机状态,3,2025-07-18 19:21:24,2025-07-18 19:22:29,65,0.02
383,L01,#19,GW252/13600,(2)停机状态,2,2025-07-18 19:21:23,2025-07-18 19:21:24,1,0
384,L01,#19,GW252/13600,(1)停机过程,1,2025-07-18 19:20:51,2025-07-18 19:21:23,32,0.01
385,L01,#19,GW252/13600,(4)启机状态,4,2025-07-18 19:15:52,2025-07-18 19:20:51,299,0.08
386,L01,#19,GW252/13600,(3)待机状态,3,2025-07-18 19:14:41,2025-07-18 19:15:52,71,0.02
387,L01,#19,GW252/13600,(2)停机状态,2,2025-07-18 19:14:40,2025-07-18 19:14:41,1,0
388,L01,#19,GW252/13600,(1)停机过程,1,2025-07-18 19:14:08,2025-07-18 19:14:40,32,0.01
389,L01,#19,GW252/13600,(4)启机状态,4,2025-07-18 19:09:08,2025-07-18 19:14:08,300,0.08
390,L01,#19,GW252/13600,(3)待机状态,3,2025-07-18 19:07:55,2025-07-18 19:09:08,73,0.02
391,L01,#19,GW252/13600,(2)停机状态,2,2025-07-18 19:07:54,2025-07-18 19:07:55,1,0
392,L01,#19,GW252/13600,(1)停机过程,1,2025-07-18 19:07:22,2025-07-18 19:07:54,32,0.01
393,L01,#19,GW252/13600,(4)启机状态,4,2025-07-18 19:02:22,2025-07-18 19:07:22,300,0.08
394,L01,#19,GW252/13600,(3)待机状态,3,2025-07-18 19:00:38,2025-07-18 19:02:22,104,0.03
395,L01,#19,GW252/13600,(2)停机状态,2,2025-07-18 19:00:06,2025-07-18 19:00:38,32,0.01
396,L01,#19,GW252/13600,(1)停机过程,1,2025-07-18 18:59:35,2025-07-18 19:00:06,31,0.01
397,L01,#19,GW252/13600,(4)启机状态,4,2025-07-18 18:54:35,2025-07-18 18:59:35,300,0.08
398,L01,#19,GW252/13600,(3)待机状态,3,2025-07-18 18:53:18,2025-07-18 18:54:35,77,0.02
399,L01,#19,GW252/13600,(2)停机状态,2,2025-07-18 18:16:41,2025-07-18 18:53:18,2197,0.61
400,L01,#19,GW252/13600,(1)停机过程,1,2025-07-18 18:16:09,2025-07-18 18:16:41,32,0.01
401,L01,#19,GW252/13600,(4)启机状态,4,2025-07-18 18:11:09,2025-07-18 18:16:09,300,0.08
402,L01,#19,GW252/13600,(3)待机状态,3,2025-07-18 18:07:50,2025-07-18 18:11:09,199,0.06
403,L01,#19,GW252/13600,(2)停机状态,2,2025-07-18 18:07:15,2025-07-18 18:07:50,35,0.01
404,L01,#19,GW252/13600,(1)停机过程,1,2025-07-18 18:07:05,2025-07-18 18:07:15,10,0
405,L01,#19,GW252/13600,(9)维护状态,9,2025-07-18 12:56:22,2025-07-18 18:07:05,18643,5.18
406,L01,#19,GW252/13600,(2)停机状态,2,2025-07-18 12:55:43,2025-07-18 12:56:22,39,0.01
407,L01,#19,GW252/13600,(1)停机过程,1,2025-07-18 12:55:33,2025-07-18 12:55:43,10,0
408,L01,#19,GW252/13600,(9)维护状态,9,2025-07-16 19:48:21,2025-07-18 12:55:33,148032,41.12
409,L01,#19,GW252/13600,(2)停机状态,2,2025-07-16 18:06:14,2025-07-16 19:48:21,6127,1.7
410,L01,#19,GW252/13600,(1)停机过程,1,2025-07-16 18:05:44,2025-07-16 18:06:14,30,0.01
411,L01,#19,GW252/13600,(3)待机状态,3,2025-07-16 18:04:03,2025-07-16 18:05:44,101,0.03
412,L01,#19,GW252/13600,(2)停机状态,2,2025-07-16 18:04:02,2025-07-16 18:04:03,1,0
413,L01,#19,GW252/13600,(1)停机过程,1,2025-07-16 18:03:31,2025-07-16 18:04:02,31,0.01
414,L01,#19,GW252/13600,(4)启机状态,4,2025-07-16 17:58:32,2025-07-16 18:03:31,299,0.08
415,L01,#19,GW252/13600,(3)待机状态,3,2025-07-16 17:57:18,2025-07-16 17:58:32,74,0.02
416,L01,#19,GW252/13600,(2)停机状态,2,2025-07-16 17:57:17,2025-07-16 17:57:18,1,0
417,L01,#19,GW252/13600,(1)停机过程,1,2025-07-16 17:56:45,2025-07-16 17:57:17,32,0.01
418,L01,#19,GW252/13600,(4)启机状态,4,2025-07-16 17:51:45,2025-07-16 17:56:45,300,0.08
419,L01,#19,GW252/13600,(3)待机状态,3,2025-07-16 17:50:17,2025-07-16 17:51:45,88,0.02
420,L01,#19,GW252/13600,(2)停机状态,2,2025-07-16 17:50:16,2025-07-16 17:50:17,1,0
421,L01,#19,GW252/13600,(1)停机过程,1,2025-07-16 17:49:44,2025-07-16 17:50:16,32,0.01
422,L01,#19,GW252/13600,(4)启机状态,4,2025-07-16 17:44:44,2025-07-16 17:49:44,300,0.08
423,L01,#19,GW252/13600,(3)待机状态,3,2025-07-16 17:43:41,2025-07-16 17:44:44,63,0.02
424,L01,#19,GW252/13600,(2)停机状态,2,2025-07-16 17:43:40,2025-07-16 17:43:41,1,0
425,L01,#19,GW252/13600,(1)停机过程,1,2025-07-16 17:43:09,2025-07-16 17:43:40,31,0.01
426,L01,#19,GW252/13600,(4)启机状态,4,2025-07-16 17:38:09,2025-07-16 17:43:09,300,0.08
427,L01,#19,GW252/13600,(3)待机状态,3,2025-07-16 17:36:59,2025-07-16 17:38:09,70,0.02
428,L01,#19,GW252/13600,(2)停机状态,2,2025-07-16 17:36:57,2025-07-16 17:36:59,2,0
429,L01,#19,GW252/13600,(1)停机过程,1,2025-07-16 17:36:25,2025-07-16 17:36:57,32,0.01
430,L01,#19,GW252/13600,(4)启机状态,4,2025-07-16 17:31:25,2025-07-16 17:36:25,300,0.08
431,L01,#19,GW252/13600,(3)待机状态,3,2025-07-16 17:29:25,2025-07-16 17:31:25,120,0.03
432,L01,#19,GW252/13600,(2)停机状态,2,2025-07-16 17:29:24,2025-07-16 17:29:25,1,0
433,L01,#19,GW252/13600,(1)停机过程,1,2025-07-16 17:28:52,2025-07-16 17:29:24,32,0.01
434,L01,#19,GW252/13600,(4)启机状态,4,2025-07-16 17:23:53,2025-07-16 17:28:52,299,0.08
435,L01,#19,GW252/13600,(3)待机状态,3,2025-07-16 17:20:51,2025-07-16 17:23:53,182,0.05
436,L01,#19,GW252/13600,(2)停机状态,2,2025-07-16 17:20:50,2025-07-16 17:20:51,1,0
437,L01,#19,GW252/13600,(1)停机过程,1,2025-07-16 17:20:18,2025-07-16 17:20:50,32,0.01
438,L01,#19,GW252/13600,(4)启机状态,4,2025-07-16 17:15:18,2025-07-16 17:20:18,300,0.08
439,L01,#19,GW252/13600,(3)待机状态,3,2025-07-16 17:13:05,2025-07-16 17:15:18,133,0.04
440,L01,#19,GW252/13600,(2)停机状态,2,2025-07-16 17:13:04,2025-07-16 17:13:05,1,0
441,L01,#19,GW252/13600,(1)停机过程,1,2025-07-16 17:12:33,2025-07-16 17:13:04,31,0.01
442,L01,#19,GW252/13600,(4)启机状态,4,2025-07-16 17:07:33,2025-07-16 17:12:33,300,0.08
443,L01,#19,GW252/13600,(3)待机状态,3,2025-07-16 16:43:56,2025-07-16 17:07:33,1417,0.39
444,L01,#19,GW252/13600,(2)停机状态,2,2025-07-16 16:43:54,2025-07-16 16:43:56,2,0
445,L01,#19,GW252/13600,(1)停机过程,1,2025-07-16 16:43:23,2025-07-16 16:43:54,31,0.01
446,L01,#19,GW252/13600,(4)启机状态,4,2025-07-16 16:38:22,2025-07-16 16:43:23,301,0.08
447,L01,#19,GW252/13600,(3)待机状态,3,2025-07-16 16:37:08,2025-07-16 16:38:22,74,0.02
448,L01,#19,GW252/13600,(2)停机状态,2,2025-07-16 16:37:06,2025-07-16 16:37:08,2,0
449,L01,#19,GW252/13600,(1)停机过程,1,2025-07-16 16:36:35,2025-07-16 16:37:06,31,0.01
450,L01,#19,GW252/13600,(4)启机状态,4,2025-07-16 16:31:35,2025-07-16 16:36:35,300,0.08
451,L01,#19,GW252/13600,(3)待机状态,3,2025-07-16 16:30:19,2025-07-16 16:31:35,76,0.02
452,L01,#19,GW252/13600,(2)停机状态,2,2025-07-16 16:30:17,2025-07-16 16:30:19,2,0
453,L01,#19,GW252/13600,(1)停机过程,1,2025-07-16 16:29:45,2025-07-16 16:30:17,32,0.01
454,L01,#19,GW252/13600,(4)启机状态,4,2025-07-16 16:24:46,2025-07-16 16:29:45,299,0.08
455,L01,#19,GW252/13600,(3)待机状态,3,2025-07-16 16:19:31,2025-07-16 16:24:46,315,0.09
456,L01,#19,GW252/13600,(2)停机状态,2,2025-07-16 16:19:29,2025-07-16 16:19:31,2,0
457,L01,#19,GW252/13600,(1)停机过程,1,2025-07-16 16:18:57,2025-07-16 16:19:29,32,0.01
458,L01,#19,GW252/13600,(4)启机状态,4,2025-07-16 16:13:57,2025-07-16 16:18:57,300,0.08
459,L01,#19,GW252/13600,(3)待机状态,3,2025-07-16 16:11:21,2025-07-16 16:13:57,156,0.04
460,L01,#19,GW252/13600,(2)停机状态,2,2025-07-16 16:10:54,2025-07-16 16:11:21,27,0.01
461,L01,#19,GW252/13600,(1)停机过程,1,2025-07-16 16:10:44,2025-07-16 16:10:54,10,0
462,L01,#19,GW252/13600,(9)维护状态,9,2025-07-15 12:21:30,2025-07-16 16:10:44,100154,27.82
463,L01,#19,GW252/13600,(2)停机状态,2,2025-07-15 10:01:34,2025-07-15 12:21:30,8396,2.33
464,L01,#19,GW252/13600,(1)停机过程,1,2025-07-15 10:01:23,2025-07-15 10:01:34,11,0
465,L01,#19,GW252/13600,(9)维护状态,9,2025-07-15 08:53:24,2025-07-15 10:01:23,4079,1.13
466,L01,#19,GW252/13600,(2)停机状态,2,2025-07-15 08:50:03,2025-07-15 08:53:24,201,0.06
467,L01,#19,GW252/13600,(1)停机过程,1,2025-07-15 08:49:08,2025-07-15 08:50:03,55,0.02
468,L01,#19,GW252/13600,(5)发电状态,5,2025-07-15 01:17:05,2025-07-15 08:49:08,27123,7.53
469,L01,#19,GW252/13600,(4)启机状态,4,2025-07-15 01:16:22,2025-07-15 01:17:05,43,0.01
470,L01,#19,GW252/13600,(3)待机状态,3,2025-07-15 01:15:44,2025-07-15 01:16:22,38,0.01
471,L01,#19,GW252/13600,(2)停机状态,2,2025-07-15 01:07:41,2025-07-15 01:15:44,483,0.13
472,L01,#19,GW252/13600,(1)停机过程,1,2025-07-15 01:07:31,2025-07-15 01:07:41,10,0
473,L01,#19,GW252/13600,(9)维护状态,9,2025-07-14 19:14:39,2025-07-15 01:07:31,21172,5.88
474,L01,#19,GW252/13600,(2)停机状态,2,2025-07-14 16:05:52,2025-07-14 19:14:39,11327,3.15
475,L01,#19,GW252/13600,(1)停机过程,1,2025-07-14 16:05:20,2025-07-14 16:05:52,32,0.01
476,L01,#19,GW252/13600,(4)启机状态,4,2025-07-14 16:01:29,2025-07-14 16:05:20,231,0.06
477,L01,#19,GW252/13600,(3)待机状态,3,2025-07-14 16:00:12,2025-07-14 16:01:29,77,0.02
478,L01,#19,GW252/13600,(2)停机状态,2,2025-07-14 15:23:34,2025-07-14 16:00:12,2198,0.61
479,L01,#19,GW252/13600,(1)停机过程,1,2025-07-14 15:23:04,2025-07-14 15:23:34,30,0.01
480,L01,#19,GW252/13600,(4)启机状态,4,2025-07-14 15:18:03,2025-07-14 15:23:04,301,0.08
481,L01,#19,GW252/13600,(3)待机状态,3,2025-07-14 14:04:25,2025-07-14 15:18:03,4418,1.23
482,L01,#19,GW252/13600,(2)停机状态,2,2025-07-12 14:31:13,2025-07-14 14:04:25,171192,47.55
483,L01,#19,GW252/13600,(1)停机过程,1,2025-07-12 14:30:41,2025-07-12 14:31:13,32,0.01
484,L01,#19,GW252/13600,(3)待机状态,3,2025-07-12 12:31:26,2025-07-12 14:30:41,7155,1.99
485,L01,#19,GW252/13600,(2)停机状态,2,2025-07-12 12:31:24,2025-07-12 12:31:26,2,0
486,L01,#19,GW252/13600,(1)停机过程,1,2025-07-12 12:31:14,2025-07-12 12:31:24,10,0
487,L01,#19,GW252/13600,(9)维护状态,9,2025-07-10 12:31:32,2025-07-12 12:31:14,172782,48
488,L01,#19,GW252/13600,(2)停机状态,2,2025-07-10 12:28:49,2025-07-10 12:31:32,163,0.05
489,L01,#19,GW252/13600,(1)停机过程,1,2025-07-10 12:27:53,2025-07-10 12:28:49,56,0.02
490,L01,#19,GW252/13600,(5)发电状态,5,2025-07-10 08:27:52,2025-07-10 12:27:53,14401,4
491,L01,#19,GW252/13600,(4)启机状态,4,2025-07-10 08:26:56,2025-07-10 08:27:52,56,0.02
492,L01,#19,GW252/13600,(3)待机状态,3,2025-07-10 08:23:56,2025-07-10 08:26:56,180,0.05
493,L01,#19,GW252/13600,(1)停机过程,1,2025-07-10 08:23:24,2025-07-10 08:23:56,32,0.01
494,L01,#19,GW252/13600,(3)待机状态,3,2025-07-10 08:22:10,2025-07-10 08:23:24,74,0.02
495,L01,#19,GW252/13600,(2)停机状态,2,2025-07-10 08:22:09,2025-07-10 08:22:10,1,0
496,L01,#19,GW252/13600,(1)停机过程,1,2025-07-10 08:21:40,2025-07-10 08:22:09,29,0.01
497,L01,#19,GW252/13600,(3)待机状态,3,2025-07-10 08:21:18,2025-07-10 08:21:40,22,0.01
498,L01,#19,GW252/13600,(2)停机状态,2,2025-07-10 08:21:17,2025-07-10 08:21:18,1,0
499,L01,#19,GW252/13600,(1)停机过程,1,2025-07-10 08:21:07,2025-07-10 08:21:17,10,0
500,L01,#19,GW252/13600,(9)维护状态,9,2025-07-08 13:41:53,2025-07-10 08:21:07,153554,42.65
501,L01,#19,GW252/13600,(2)停机状态,2,2025-07-08 10:22:39,2025-07-08 13:41:53,11954,3.32
502,L01,#19,GW252/13600,(1)停机过程,1,2025-07-08 10:21:44,2025-07-08 10:22:39,55,0.02
503,L01,#19,GW252/13600,(5)发电状态,5,2025-07-08 10:08:34,2025-07-08 10:21:44,790,0.22
504,L01,#19,GW252/13600,(4)启机状态,4,2025-07-08 10:05:26,2025-07-08 10:08:34,188,0.05
505,L01,#19,GW252/13600,(3)待机状态,3,2025-07-08 10:04:24,2025-07-08 10:05:26,62,0.02
506,L01,#19,GW252/13600,(2)停机状态,2,2025-07-08 10:04:23,2025-07-08 10:04:24,1,0
507,L01,#19,GW252/13600,(1)停机过程,1,2025-07-08 10:03:53,2025-07-08 10:04:23,30,0.01
508,L01,#19,GW252/13600,(4)启机状态,4,2025-07-08 09:58:50,2025-07-08 10:03:53,303,0.08
509,L01,#19,GW252/13600,(3)待机状态,3,2025-07-08 09:57:38,2025-07-08 09:58:50,72,0.02
510,L01,#19,GW252/13600,(2)停机状态,2,2025-07-08 09:57:37,2025-07-08 09:57:38,1,0
511,L01,#19,GW252/13600,(1)停机过程,1,2025-07-08 09:57:07,2025-07-08 09:57:37,30,0.01
512,L01,#19,GW252/13600,(4)启机状态,4,2025-07-08 09:52:06,2025-07-08 09:57:07,301,0.08
513,L01,#19,GW252/13600,(3)待机状态,3,2025-07-08 09:50:44,2025-07-08 09:52:06,82,0.02
514,L01,#19,GW252/13600,(2)停机状态,2,2025-07-08 09:50:42,2025-07-08 09:50:44,2,0
515,L01,#19,GW252/13600,(1)停机过程,1,2025-07-08 09:50:10,2025-07-08 09:50:42,32,0.01
516,L01,#19,GW252/13600,(4)启机状态,4,2025-07-08 09:45:09,2025-07-08 09:50:10,301,0.08
517,L01,#19,GW252/13600,(3)待机状态,3,2025-07-08 09:43:54,2025-07-08 09:45:09,75,0.02
518,L01,#19,GW252/13600,(2)停机状态,2,2025-07-08 09:43:51,2025-07-08 09:43:54,3,0
519,L01,#19,GW252/13600,(1)停机过程,1,2025-07-08 09:43:20,2025-07-08 09:43:51,31,0.01
520,L01,#19,GW252/13600,(4)启机状态,4,2025-07-08 09:38:19,2025-07-08 09:43:20,301,0.08
521,L01,#19,GW252/13600,(3)待机状态,3,2025-07-08 09:36:08,2025-07-08 09:38:19,131,0.04
522,L01,#19,GW252/13600,(2)停机状态,2,2025-07-08 09:36:06,2025-07-08 09:36:08,2,0
523,L01,#19,GW252/13600,(1)停机过程,1,2025-07-08 09:35:34,2025-07-08 09:36:06,32,0.01
524,L01,#19,GW252/13600,(4)启机状态,4,2025-07-08 09:30:35,2025-07-08 09:35:34,299,0.08
525,L01,#19,GW252/13600,(3)待机状态,3,2025-07-08 09:29:28,2025-07-08 09:30:35,67,0.02
526,L01,#19,GW252/13600,(2)停机状态,2,2025-07-08 09:29:27,2025-07-08 09:29:28,1,0
527,L01,#19,GW252/13600,(1)停机过程,1,2025-07-08 09:28:57,2025-07-08 09:29:27,30,0.01
528,L01,#19,GW252/13600,(4)启机状态,4,2025-07-08 09:23:57,2025-07-08 09:28:57,300,0.08
529,L01,#19,GW252/13600,(3)待机状态,3,2025-07-08 09:13:05,2025-07-08 09:23:57,652,0.18
530,L01,#19,GW252/13600,(2)停机状态,2,2025-07-08 09:13:04,2025-07-08 09:13:05,1,0
531,L01,#19,GW252/13600,(1)停机过程,1,2025-07-08 09:12:32,2025-07-08 09:13:04,32,0.01
532,L01,#19,GW252/13600,(4)启机状态,4,2025-07-08 09:07:33,2025-07-08 09:12:32,299,0.08
533,L01,#19,GW252/13600,(3)待机状态,3,2025-07-08 08:55:25,2025-07-08 09:07:33,728,0.2
534,L01,#19,GW252/13600,(2)停机状态,2,2025-07-08 08:54:05,2025-07-08 08:55:25,80,0.02
535,L01,#19,GW252/13600,(1)停机过程,1,2025-07-08 08:53:32,2025-07-08 08:54:05,33,0.01
536,L01,#19,GW252/13600,(4)启机状态,4,2025-07-08 08:48:32,2025-07-08 08:53:32,300,0.08
537,L01,#19,GW252/13600,(3)待机状态,3,2025-07-08 08:21:59,2025-07-08 08:48:32,1593,0.44
538,L01,#19,GW252/13600,(2)停机状态,2,2025-07-06 08:50:19,2025-07-08 08:21:59,171100,47.53
539,L01,#19,GW252/13600,(1)停机过程,1,2025-07-06 08:49:24,2025-07-06 08:50:19,55,0.02
540,L01,#19,GW252/13600,(5)发电状态,5,2025-07-06 07:30:21,2025-07-06 08:49:24,4743,1.32
541,L01,#19,GW252/13600,(4)启机状态,4,2025-07-06 07:28:52,2025-07-06 07:30:21,89,0.02
542,L01,#19,GW252/13600,(3)待机状态,3,2025-07-06 07:27:50,2025-07-06 07:28:52,62,0.02
543,L01,#19,GW252/13600,(2)停机状态,2,2025-07-06 07:27:49,2025-07-06 07:27:50,1,0
544,L01,#19,GW252/13600,(1)停机过程,1,2025-07-06 07:27:18,2025-07-06 07:27:49,31,0.01
545,L01,#19,GW252/13600,(4)启机状态,4,2025-07-06 07:22:18,2025-07-06 07:27:18,300,0.08
546,L01,#19,GW252/13600,(3)待机状态,3,2025-07-06 07:18:06,2025-07-06 07:22:18,252,0.07
547,L01,#19,GW252/13600,(2)停机状态,2,2025-07-06 07:17:21,2025-07-06 07:18:06,45,0.01
548,L01,#19,GW252/13600,(1)停机过程,1,2025-07-06 07:16:26,2025-07-06 07:17:21,55,0.02
549,L01,#19,GW252/13600,(5)发电状态,5,2025-07-06 06:57:20,2025-07-06 07:16:26,1146,0.32
550,L01,#19,GW252/13600,(4)启机状态,4,2025-07-06 06:54:43,2025-07-06 06:57:20,157,0.04
551,L01,#19,GW252/13600,(3)待机状态,3,2025-07-06 06:48:45,2025-07-06 06:54:43,358,0.1
552,L01,#19,GW252/13600,(2)停机状态,2,2025-07-06 06:47:20,2025-07-06 06:48:45,85,0.02
553,L01,#19,GW252/13600,(1)停机过程,1,2025-07-06 06:46:26,2025-07-06 06:47:20,54,0.02
554,L01,#19,GW252/13600,(5)发电状态,5,2025-07-06 06:36:57,2025-07-06 06:46:26,569,0.16
555,L01,#19,GW252/13600,(4)启机状态,4,2025-07-06 06:34:49,2025-07-06 06:36:57,128,0.04
556,L01,#19,GW252/13600,(3)待机状态,3,2025-07-06 03:14:59,2025-07-06 06:34:49,11990,3.33
557,L01,#19,GW252/13600,(2)停机状态,2,2025-07-06 03:14:58,2025-07-06 03:14:59,1,0
558,L01,#19,GW252/13600,(1)停机过程,1,2025-07-06 03:14:27,2025-07-06 03:14:58,31,0.01
559,L01,#19,GW252/13600,(4)启机状态,4,2025-07-06 03:09:27,2025-07-06 03:14:27,300,0.08
560,L01,#19,GW252/13600,(3)待机状态,3,2025-07-06 03:07:38,2025-07-06 03:09:27,109,0.03
561,L01,#19,GW252/13600,(2)停机状态,2,2025-07-06 03:07:37,2025-07-06 03:07:38,1,0
562,L01,#19,GW252/13600,(1)停机过程,1,2025-07-06 03:07:06,2025-07-06 03:07:37,31,0.01
563,L01,#19,GW252/13600,(4)启机状态,4,2025-07-06 03:02:06,2025-07-06 03:07:06,300,0.08
564,L01,#19,GW252/13600,(3)待机状态,3,2025-07-06 02:59:15,2025-07-06 03:02:06,171,0.05
565,L01,#19,GW252/13600,(2)停机状态,2,2025-07-06 02:58:19,2025-07-06 02:59:15,56,0.02
566,L01,#19,GW252/13600,(1)停机过程,1,2025-07-06 02:57:24,2025-07-06 02:58:19,55,0.02
567,L01,#19,GW252/13600,(5)发电状态,5,2025-07-05 20:20:02,2025-07-06 02:57:24,23842,6.62
568,L01,#19,GW252/13600,(4)启机状态,4,2025-07-05 20:15:29,2025-07-05 20:20:02,273,0.08
569,L01,#19,GW252/13600,(3)待机状态,3,2025-07-05 20:14:25,2025-07-05 20:15:29,64,0.02
570,L01,#19,GW252/13600,(2)停机状态,2,2025-07-05 20:14:23,2025-07-05 20:14:25,2,0
571,L01,#19,GW252/13600,(1)停机过程,1,2025-07-05 20:13:53,2025-07-05 20:14:23,30,0.01
572,L01,#19,GW252/13600,(4)启机状态,4,2025-07-05 20:08:52,2025-07-05 20:13:53,301,0.08
573,L01,#19,GW252/13600,(3)待机状态,3,2025-07-05 20:07:51,2025-07-05 20:08:52,61,0.02
574,L01,#19,GW252/13600,(2)停机状态,2,2025-07-05 20:07:49,2025-07-05 20:07:51,2,0
575,L01,#19,GW252/13600,(1)停机过程,1,2025-07-05 20:07:16,2025-07-05 20:07:49,33,0.01
576,L01,#19,GW252/13600,(4)启机状态,4,2025-07-05 20:02:16,2025-07-05 20:07:16,300,0.08
577,L01,#19,GW252/13600,(3)待机状态,3,2025-07-05 20:01:14,2025-07-05 20:02:16,62,0.02
578,L01,#19,GW252/13600,(1)停机过程,1,2025-07-05 20:00:43,2025-07-05 20:01:14,31,0.01
579,L01,#19,GW252/13600,(4)启机状态,4,2025-07-05 19:55:43,2025-07-05 20:00:43,300,0.08
580,L01,#19,GW252/13600,(3)待机状态,3,2025-07-05 19:54:27,2025-07-05 19:55:43,76,0.02
581,L01,#19,GW252/13600,(2)停机状态,2,2025-07-05 19:54:25,2025-07-05 19:54:27,2,0
582,L01,#19,GW252/13600,(1)停机过程,1,2025-07-05 19:53:53,2025-07-05 19:54:25,32,0.01
583,L01,#19,GW252/13600,(4)启机状态,4,2025-07-05 19:48:53,2025-07-05 19:53:53,300,0.08
584,L01,#19,GW252/13600,(3)待机状态,3,2025-07-05 19:46:26,2025-07-05 19:48:53,147,0.04
585,L01,#19,GW252/13600,(2)停机状态,2,2025-07-05 19:46:25,2025-07-05 19:46:26,1,0
586,L01,#19,GW252/13600,(1)停机过程,1,2025-07-05 19:45:55,2025-07-05 19:46:25,30,0.01
587,L01,#19,GW252/13600,(4)启机状态,4,2025-07-05 19:40:53,2025-07-05 19:45:55,302,0.08
588,L01,#19,GW252/13600,(3)待机状态,3,2025-07-05 19:37:36,2025-07-05 19:40:53,197,0.05
589,L01,#19,GW252/13600,(1)停机过程,1,2025-07-05 19:37:03,2025-07-05 19:37:36,33,0.01
590,L01,#19,GW252/13600,(4)启机状态,4,2025-07-05 19:32:03,2025-07-05 19:37:03,300,0.08
591,L01,#19,GW252/13600,(3)待机状态,3,2025-07-05 19:30:21,2025-07-05 19:32:03,102,0.03
592,L01,#19,GW252/13600,(2)停机状态,2,2025-07-05 19:30:20,2025-07-05 19:30:21,1,0
593,L01,#19,GW252/13600,(1)停机过程,1,2025-07-05 19:29:47,2025-07-05 19:30:20,33,0.01
594,L01,#19,GW252/13600,(4)启机状态,4,2025-07-05 19:24:47,2025-07-05 19:29:47,300,0.08
595,L01,#19,GW252/13600,(3)待机状态,3,2025-07-05 10:33:49,2025-07-05 19:24:47,31858,8.85
596,L01,#19,GW252/13600,(2)停机状态,2,2025-07-05 10:33:38,2025-07-05 10:33:49,11,0
597,L01,#19,GW252/13600,(1)停机过程,1,2025-07-05 10:32:43,2025-07-05 10:33:38,55,0.02
598,L01,#19,GW252/13600,(5)发电状态,5,2025-07-05 07:56:41,2025-07-05 10:32:43,9362,2.6
599,L01,#19,GW252/13600,(4)启机状态,4,2025-07-05 07:53:07,2025-07-05 07:56:41,214,0.06
600,L01,#19,GW252/13600,(3)待机状态,3,2025-07-05 07:52:05,2025-07-05 07:53:07,62,0.02
601,L01,#19,GW252/13600,(2)停机状态,2,2025-07-05 07:52:04,2025-07-05 07:52:05,1,0
602,L01,#19,GW252/13600,(1)停机过程,1,2025-07-05 07:51:32,2025-07-05 07:52:04,32,0.01
603,L01,#19,GW252/13600,(4)启机状态,4,2025-07-05 07:46:33,2025-07-05 07:51:32,299,0.08
604,L01,#19,GW252/13600,(3)待机状态,3,2025-07-05 07:45:23,2025-07-05 07:46:33,70,0.02
605,L01,#19,GW252/13600,(1)停机过程,1,2025-07-05 07:44:51,2025-07-05 07:45:23,32,0.01
606,L01,#19,GW252/13600,(4)启机状态,4,2025-07-05 07:39:51,2025-07-05 07:44:51,300,0.08
607,L01,#19,GW252/13600,(3)待机状态,3,2025-07-05 07:38:41,2025-07-05 07:39:51,70,0.02
608,L01,#19,GW252/13600,(2)停机状态,2,2025-07-05 07:38:40,2025-07-05 07:38:41,1,0
609,L01,#19,GW252/13600,(1)停机过程,1,2025-07-05 07:38:09,2025-07-05 07:38:40,31,0.01
610,L01,#19,GW252/13600,(4)启机状态,4,2025-07-05 07:33:10,2025-07-05 07:38:09,299,0.08
611,L01,#19,GW252/13600,(3)待机状态,3,2025-07-05 07:31:58,2025-07-05 07:33:10,72,0.02
612,L01,#19,GW252/13600,(2)停机状态,2,2025-07-05 07:31:56,2025-07-05 07:31:58,2,0
613,L01,#19,GW252/13600,(1)停机过程,1,2025-07-05 07:31:23,2025-07-05 07:31:56,33,0.01
614,L01,#19,GW252/13600,(4)启机状态,4,2025-07-05 07:26:24,2025-07-05 07:31:23,299,0.08
615,L01,#19,GW252/13600,(3)待机状态,3,2025-07-05 07:17:39,2025-07-05 07:26:24,525,0.15
616,L01,#19,GW252/13600,(2)停机状态,2,2025-07-05 07:17:37,2025-07-05 07:17:39,2,0
617,L01,#19,GW252/13600,(1)停机过程,1,2025-07-05 07:17:07,2025-07-05 07:17:37,30,0.01
618,L01,#19,GW252/13600,(4)启机状态,4,2025-07-05 07:12:06,2025-07-05 07:17:07,301,0.08
619,L01,#19,GW252/13600,(3)待机状态,3,2025-07-05 07:05:46,2025-07-05 07:12:06,380,0.11
620,L01,#19,GW252/13600,(2)停机状态,2,2025-07-05 07:05:45,2025-07-05 07:05:46,1,0
621,L01,#19,GW252/13600,(1)停机过程,1,2025-07-05 07:05:15,2025-07-05 07:05:45,30,0.01
622,L01,#19,GW252/13600,(4)启机状态,4,2025-07-05 07:00:15,2025-07-05 07:05:15,300,0.08
623,L01,#19,GW252/13600,(3)待机状态,3,2025-07-05 06:57:25,2025-07-05 07:00:15,170,0.05
624,L01,#19,GW252/13600,(2)停机状态,2,2025-07-05 06:57:24,2025-07-05 06:57:25,1,0
625,L01,#19,GW252/13600,(1)停机过程,1,2025-07-05 06:56:54,2025-07-05 06:57:24,30,0.01
626,L01,#19,GW252/13600,(4)启机状态,4,2025-07-05 06:51:54,2025-07-05 06:56:54,300,0.08
627,L01,#19,GW252/13600,(3)待机状态,3,2025-07-05 06:49:18,2025-07-05 06:51:54,156,0.04
628,L01,#19,GW252/13600,(2)停机状态,2,2025-07-05 06:49:17,2025-07-05 06:49:18,1,0
629,L01,#19,GW252/13600,(1)停机过程,1,2025-07-05 06:48:44,2025-07-05 06:49:17,33,0.01
630,L01,#19,GW252/13600,(4)启机状态,4,2025-07-05 06:43:45,2025-07-05 06:48:44,299,0.08
631,L01,#19,GW252/13600,(3)待机状态,3,2025-07-05 01:00:38,2025-07-05 06:43:45,20587,5.72
632,L01,#19,GW252/13600,(2)停机状态,2,2025-07-05 00:58:35,2025-07-05 01:00:38,123,0.03
633,L01,#19,GW252/13600,(1)停机过程,1,2025-07-05 00:57:40,2025-07-05 00:58:35,55,0.02
634,L01,#19,GW252/13600,(5)发电状态,5,2025-07-05 00:20:29,2025-07-05 00:57:40,2231,0.62
635,L01,#19,GW252/13600,(4)启机状态,4,2025-07-05 00:18:01,2025-07-05 00:20:29,148,0.04
636,L01,#19,GW252/13600,(3)待机状态,3,2025-07-05 00:16:59,2025-07-05 00:18:01,62,0.02
637,L01,#19,GW252/13600,(2)停机状态,2,2025-07-05 00:16:26,2025-07-05 00:16:59,33,0.01
638,L01,#19,GW252/13600,(1)停机过程,1,2025-07-05 00:16:16,2025-07-05 00:16:26,10,0
639,L01,#19,GW252/13600,(9)维护状态,9,2025-07-05 00:13:39,2025-07-05 00:16:16,157,0.04
640,L01,#19,GW252/13600,(2)停机状态,2,2025-07-05 00:08:53,2025-07-05 00:13:39,286,0.08
641,L01,#19,GW252/13600,(0)初始化,0,2025-07-05 00:07:44,2025-07-05 00:08:53,69,0.02
642,L01,#19,GW252/13600,(9)维护状态,9,2025-07-05 00:06:22,2025-07-05 00:07:44,82,0.02
643,L01,#19,GW252/13600,(2)停机状态,2,2025-07-04 23:57:43,2025-07-05 00:06:22,519,0.14
644,L01,#19,GW252/13600,(1)停机过程,1,2025-07-04 23:57:12,2025-07-04 23:57:43,31,0.01
645,L01,#19,GW252/13600,(4)启机状态,4,2025-07-04 23:54:29,2025-07-04 23:57:12,163,0.05
646,L01,#19,GW252/13600,(3)待机状态,3,2025-07-04 23:52:08,2025-07-04 23:54:29,141,0.04
647,L01,#19,GW252/13600,(2)停机状态,2,2025-07-04 23:52:07,2025-07-04 23:52:08,1,0
648,L01,#19,GW252/13600,(1)停机过程,1,2025-07-04 23:51:35,2025-07-04 23:52:07,32,0.01
649,L01,#19,GW252/13600,(4)启机状态,4,2025-07-04 23:46:35,2025-07-04 23:51:35,300,0.08
650,L01,#19,GW252/13600,(3)待机状态,3,2025-07-04 23:45:19,2025-07-04 23:46:35,76,0.02
651,L01,#19,GW252/13600,(2)停机状态,2,2025-07-04 23:45:17,2025-07-04 23:45:19,2,0
652,L01,#19,GW252/13600,(1)停机过程,1,2025-07-04 23:44:45,2025-07-04 23:45:17,32,0.01
653,L01,#19,GW252/13600,(4)启机状态,4,2025-07-04 23:39:45,2025-07-04 23:44:45,300,0.08
654,L01,#19,GW252/13600,(3)待机状态,3,2025-07-04 23:38:26,2025-07-04 23:39:45,79,0.02
655,L01,#19,GW252/13600,(2)停机状态,2,2025-07-04 23:38:25,2025-07-04 23:38:26,1,0
656,L01,#19,GW252/13600,(1)停机过程,1,2025-07-04 23:37:54,2025-07-04 23:38:25,31,0.01
657,L01,#19,GW252/13600,(4)启机状态,4,2025-07-04 23:32:54,2025-07-04 23:37:54,300,0.08
658,L01,#19,GW252/13600,(3)待机状态,3,2025-07-04 23:32:01,2025-07-04 23:32:54,53,0.01
659,L01,#19,GW252/13600,(2)停机状态,2,2025-07-04 23:32:00,2025-07-04 23:32:01,1,0
660,L01,#19,GW252/13600,(1)停机过程,1,2025-07-04 23:31:29,2025-07-04 23:32:00,31,0.01
661,L01,#19,GW252/13600,(4)启机状态,4,2025-07-04 23:26:29,2025-07-04 23:31:29,300,0.08
662,L01,#19,GW252/13600,(3)待机状态,3,2025-07-04 23:25:17,2025-07-04 23:26:29,72,0.02
663,L01,#19,GW252/13600,(2)停机状态,2,2025-07-04 23:25:16,2025-07-04 23:25:17,1,0
664,L01,#19,GW252/13600,(1)停机过程,1,2025-07-04 23:24:45,2025-07-04 23:25:16,31,0.01
665,L01,#19,GW252/13600,(4)启机状态,4,2025-07-04 23:19:45,2025-07-04 23:24:45,300,0.08
666,L01,#19,GW252/13600,(3)待机状态,3,2025-07-04 23:17:58,2025-07-04 23:19:45,107,0.03
667,L01,#19,GW252/13600,(2)停机状态,2,2025-07-04 23:17:56,2025-07-04 23:17:58,2,0
668,L01,#19,GW252/13600,(1)停机过程,1,2025-07-04 23:17:25,2025-07-04 23:17:56,31,0.01
669,L01,#19,GW252/13600,(4)启机状态,4,2025-07-04 23:12:25,2025-07-04 23:17:25,300,0.08
670,L01,#19,GW252/13600,(3)待机状态,3,2025-07-04 23:10:56,2025-07-04 23:12:25,89,0.02
671,L01,#19,GW252/13600,(2)停机状态,2,2025-07-04 22:34:19,2025-07-04 23:10:56,2197,0.61
672,L01,#19,GW252/13600,(1)停机过程,1,2025-07-04 22:33:24,2025-07-04 22:34:19,55,0.02
673,L01,#19,GW252/13600,(5)发电状态,5,2025-07-04 07:27:46,2025-07-04 22:33:24,54338,15.09
674,L01,#19,GW252/13600,(4)启机状态,4,2025-07-04 07:25:48,2025-07-04 07:27:46,118,0.03
675,L01,#19,GW252/13600,(3)待机状态,3,2025-07-04 07:23:10,2025-07-04 07:25:48,158,0.04
676,L01,#19,GW252/13600,(2)停机状态,2,2025-07-04 06:46:33,2025-07-04 07:23:10,2197,0.61
677,L01,#19,GW252/13600,(1)停机过程,1,2025-07-04 06:45:38,2025-07-04 06:46:33,55,0.02
678,L01,#19,GW252/13600,(5)发电状态,5,2025-07-01 06:25:14,2025-07-04 06:45:38,260424,72.34
679,L01,#19,GW252/13600,(4)启机状态,4,2025-07-01 06:23:39,2025-07-01 06:25:14,95,0.03
680,L01,#19,GW252/13600,(3)待机状态,3,2025-07-01 06:22:45,2025-07-01 06:23:39,54,0.02
681,L01,#19,GW252/13600,(2)停机状态,2,2025-07-01 05:46:11,2025-07-01 06:22:45,2194,0.61
682,L01,#19,GW252/13600,(1)停机过程,1,2025-07-01 05:45:16,2025-07-01 05:46:11,55,0.02
683,L01,#19,GW252/13600,(5)发电状态,5,2025-07-01 05:42:00,2025-07-01 05:45:16,196,0.05
684,L01,#19,GW252/13600,(4)启机状态,4,2025-07-01 05:37:42,2025-07-01 05:42:00,258,0.07
685,L01,#19,GW252/13600,(3)待机状态,3,2025-07-01 05:34:00,2025-07-01 05:37:42,222,0.06
686,L01,#19,GW252/13600,(2)停机状态,2,2025-07-01 05:32:07,2025-07-01 05:34:00,113,0.03
687,L01,#19,GW252/13600,(1)停机过程,1,2025-07-01 05:31:12,2025-07-01 05:32:07,55,0.02
688,L01,#19,GW252/13600,(5)发电状态,5,2025-07-01 05:20:37,2025-07-01 05:31:12,635,0.18
689,L01,#19,GW252/13600,(4)启机状态,4,2025-07-01 05:15:52,2025-07-01 05:20:37,285,0.08
690,L01,#19,GW252/13600,(3)待机状态,3,2025-07-01 04:16:41,2025-07-01 05:15:52,3551,0.99
691,L01,#19,GW252/13600,(2)停机状态,2,2025-07-01 04:14:08,2025-07-01 04:16:41,153,0.04
692,L01,#19,GW252/13600,(1)停机过程,1,2025-07-01 04:13:13,2025-07-01 04:14:08,55,0.02
693,L01,#19,GW252/13600,(5)发电状态,5,2025-06-30 14:29:19,2025-07-01 04:13:13,49434,13.73
694,L01,#19,GW252/13600,(4)启机状态,4,2025-06-30 14:27:14,2025-06-30 14:29:19,125,0.03
695,L01,#19,GW252/13600,(3)待机状态,3,2025-06-30 14:26:15,2025-06-30 14:27:14,59,0.02
696,L01,#19,GW252/13600,(2)停机状态,2,2025-06-30 14:26:13,2025-06-30 14:26:15,2,0
697,L01,#19,GW252/13600,(1)停机过程,1,2025-06-30 14:25:18,2025-06-30 14:26:13,55,0.02
698,L01,#19,GW252/13600,(4)启机状态,4,2025-06-30 14:20:18,2025-06-30 14:25:18,300,0.08
699,L01,#19,GW252/13600,(3)待机状态,3,2025-06-30 14:19:18,2025-06-30 14:20:18,60,0.02
700,L01,#19,GW252/13600,(2)停机状态,2,2025-06-30 13:42:41,2025-06-30 14:19:18,2197,0.61
701,L01,#19,GW252/13600,(1)停机过程,1,2025-06-30 13:41:46,2025-06-30 13:42:41,55,0.02
702,L01,#19,GW252/13600,(5)发电状态,5,2025-06-29 22:27:07,2025-06-30 13:41:46,54879,15.24
703,L01,#19,GW252/13600,(9)维护状态,9,2025-06-25 16:52:04,2025-06-29 22:27:07,365703,101.58
704,L01,#19,GW252/13600,(9)维护状态,9,2025-06-19 16:48:45,2025-06-25 16:52:04,518599,144.06
705,L01,#19,GW252/13600,(2)停机状态,2,2025-06-13 10:05:45,2025-06-19 16:48:45,542580,150.72
706,L01,#19,GW252/13600,(1)停机过程,1,2025-06-13 10:05:35,2025-06-13 10:05:45,10,0
707,L01,#19,GW252/13600,(9)维护状态,9,2025-06-13 10:05:12,2025-06-13 10:05:35,23,0.01
708,L01,#19,GW252/13600,(2)停机状态,2,2025-06-10 08:13:13,2025-06-13 10:05:12,265919,73.87
709,L01,#19,GW252/13600,(1)停机过程,1,2025-06-10 08:13:03,2025-06-10 08:13:13,10,0
710,L01,#19,GW252/13600,(9)维护状态,9,2025-06-10 08:12:16,2025-06-10 08:13:03,47,0.01
711,L01,#19,GW252/13600,(2)停机状态,2,2025-06-10 08:10:54,2025-06-10 08:12:16,82,0.02
712,L01,#19,GW252/13600,(1)停机过程,1,2025-06-10 08:10:44,2025-06-10 08:10:54,10,0
713,L01,#19,GW252/13600,(9)维护状态,9,2025-05-20 19:59:07,2025-06-10 08:10:44,1771897,492.19
714,L01,#19,GW252/13600,(2)停机状态,2,2025-05-20 18:40:22,2025-05-20 19:59:07,4725,1.31
715,L01,#19,GW252/13600,(1)停机过程,1,2025-05-20 18:40:11,2025-05-20 18:40:22,11,0
716,L01,#19,GW252/13600,(9)维护状态,9,2025-05-20 17:51:09,2025-05-20 18:40:11,2942,0.82
717,L01,#19,GW252/13600,(1)停机过程,1,2025-05-20 17:50:59,2025-05-20 17:51:09,10,0
718,L01,#19,GW252/13600,(9)维护状态,9,2025-05-20 08:24:19,2025-05-20 17:50:59,34000,9.44
719,L01,#19,GW252/13600,(2)停机状态,2,2025-05-20 08:23:51,2025-05-20 08:24:19,28,0.01
720,L01,#19,GW252/13600,(1)停机过程,1,2025-05-20 08:23:41,2025-05-20 08:23:51,10,0
721,L01,#19,GW252/13600,(9)维护状态,9,2025-05-16 07:38:13,2025-05-20 08:23:41,348328,96.76
722,L01,#19,GW252/13600,(2)停机状态,2,2025-05-16 07:34:48,2025-05-16 07:38:13,205,0.06
723,L01,#19,GW252/13600,(1)停机过程,1,2025-05-16 07:34:38,2025-05-16 07:34:48,10,0
724,L01,#19,GW252/13600,(9)维护状态,9,2025-05-13 18:28:51,2025-05-16 07:34:38,219947,61.1
725,L01,#19,GW252/13600,(2)停机状态,2,2025-05-13 18:11:39,2025-05-13 18:28:51,1032,0.29
726,L01,#19,GW252/13600,(1)停机过程,1,2025-05-13 18:11:29,2025-05-13 18:11:39,10,0
727,L01,#19,GW252/13600,(9)维护状态,9,2025-01-01 00:00:00,2025-05-13 18:11:29,11470289,3186.19
